"family","order","class","final_diet","feed_mode","source","notes","zoophagous","phytophagous","detritophagous","mycetophagous","saprophagous","coprophagous","phyllophagous","saproxylic","sap.sucking","stem","flower","seed","gall.inducing","miners","roots","not.specified","predator","parasitoid","micropredator","parasite","necrophorous","not.specified.1","n","c","c-(h)","c-d","c-d-h","c-f","c-h","d","d-f","d-h","f","f-h","h","h-(c)","diet.cat","diet.cat2"
"Clubionidae","Araneae","Arachnida","zoophagous","predator","Borror & Delong",NA,"NA","NA","NA","NA","NA","NA","NA","NA","NA","NA","NA","NA","NA","NA","NA","NA","NA","NA","NA","NA","NA","NA","6","1","0","0","0","0","0","0","0","0","0","0","0","0","zoophagous-predator","Predator"
"Linyphiidae","Araneae","Arachnida","zoophagous","predator","Borror & Delong",NA,"NA","NA","NA","NA","NA","NA","NA","NA","NA","NA","NA","NA","NA","NA","NA","NA","NA","NA","NA","NA","NA","NA","72","1","0","0","0","0","0","0","0","0","0","0","0","0","zoophagous-predator","Predator"
"Pisauridae","Araneae","Arachnida","zoophagous","predator","Borror & Delong",NA,"NA","NA","NA","NA","NA","NA","NA","NA","NA","NA","NA","NA","NA","NA","NA","NA","NA","NA","NA","NA","NA","NA","1","1","0","0","0","0","0","0","0","0","0","0","0","0","zoophagous-predator","Predator"
"Salticidae","Araneae","Arachnida","zoophagous","predator","Borror & Delong",NA,"NA","NA","NA","NA","NA","NA","NA","NA","NA","NA","NA","NA","NA","NA","NA","NA","NA","NA","NA","NA","NA","NA","5","1","0","0","0","0","0","0","0","0","0","0","0","0","zoophagous-predator","Predator"
"Tetragnathidae","Araneae","Arachnida","zoophagous","predator","Borror & Delong",NA,"NA","NA","NA","NA","NA","NA","NA","NA","NA","NA","NA","NA","NA","NA","NA","NA","NA","NA","NA","NA","NA","NA","9","1","0","0","0","0","0","0","0","0","0","0","0","0","zoophagous-predator","Predator"
"Theridiidae","Araneae","Arachnida","zoophagous","predator","Borror & Delong",NA,"NA","NA","NA","NA","NA","NA","NA","NA","NA","NA","NA","NA","NA","NA","NA","NA","NA","NA","NA","NA","NA","NA","22","1","0","0","0","0","0","0","0","0","0","0","0","0","zoophagous-predator","Predator"
"Brachychthoniidae","Sarcoptiformes","Arachnida","mixed","NA","Velazco et al. (2022)","""the order Sarcoptiformes (Acari) consumes mainly saprophytic fungi, bacteria, litter, plant tissues, and Mycorrhizal fungi"" doi.org/10.1101/2021.02.06.430061","NA","NA","NA","NA","NA","NA","NA","NA","NA","NA","NA","NA","NA","NA","NA","NA","NA","NA","NA","NA","NA","NA",NA,NA,NA,NA,NA,NA,NA,NA,NA,NA,NA,NA,NA,NA,"multiple categories","Mulitple categories"
"Cymbaeremaeidae","Sarcoptiformes","Arachnida","mixed","NA","Velazco et al. (2022)","""the order Sarcoptiformes (Acari) consumes mainly saprophytic fungi, bacteria, litter, plant tissues, and Mycorrhizal fungi"" doi.org/10.1101/2021.02.06.430061","NA","NA","NA","NA","NA","NA","NA","NA","NA","NA","NA","NA","NA","NA","NA","NA","NA","NA","NA","NA","NA","NA","NA","NA","NA","NA","NA","NA","NA","NA","NA","NA","NA","NA","NA","NA","multiple categories","Mulitple categories"
"Nanorchestidae","Sarcoptiformes","Arachnida","mixed","NA","Velazco et al. (2022)","""the order Sarcoptiformes (Acari) consumes mainly saprophytic fungi, bacteria, litter, plant tissues, and Mycorrhizal fungi"" doi.org/10.1101/2021.02.06.430062","NA","NA","NA","NA","NA","NA","NA","NA","NA","NA","NA","NA","NA","NA","NA","NA","NA","NA","NA","NA","NA","NA","NA","NA","NA","NA","NA","NA","NA","NA","NA","NA","NA","NA","NA","NA","multiple categories","Mulitple categories"
"Oribatulidae","Sarcoptiformes","Arachnida","mixed","NA","Velazco et al. (2022)","""the order Sarcoptiformes (Acari) consumes mainly saprophytic fungi, bacteria, litter, plant tissues, and Mycorrhizal fungi"" doi.org/10.1101/2021.02.06.430063","NA","NA","NA","NA","NA","NA","NA","NA","NA","NA","NA","NA","NA","NA","NA","NA","NA","NA","NA","NA","NA","NA","NA","NA","NA","NA","NA","NA","NA","NA","NA","NA","NA","NA","NA","NA","multiple categories","Mulitple categories"
"Parakalummidae","Sarcoptiformes","Arachnida","mixed","NA","Velazco et al. (2022)","""the order Sarcoptiformes (Acari) consumes mainly saprophytic fungi, bacteria, litter, plant tissues, and Mycorrhizal fungi"" doi.org/10.1101/2021.02.06.430064","NA","NA","NA","NA","NA","NA","NA","NA","NA","NA","NA","NA","NA","NA","NA","NA","NA","NA","NA","NA","NA","NA","NA","NA","NA","NA","NA","NA","NA","NA","NA","NA","NA","NA","NA","NA","multiple categories","Mulitple categories"
"Tectocepheidae","Sarcoptiformes","Arachnida","mixed","NA","Velazco et al. (2022)","""the order Sarcoptiformes (Acari) consumes mainly saprophytic fungi, bacteria, litter, plant tissues, and Mycorrhizal fungi"" doi.org/10.1101/2021.02.06.430065","NA","NA","NA","NA","NA","NA","NA","NA","NA","NA","NA","NA","NA","NA","NA","NA","NA","NA","NA","NA","NA","NA","NA","NA","NA","NA","NA","NA","NA","NA","NA","NA","NA","NA","NA","NA","multiple categories","Mulitple categories"
"Cunaxidae","Trombidiformes","Arachnida","zoophagous","predator","https://doi.org/10.3897/zookeys.418.7629",NA,"NA","NA","NA","NA","NA","NA","NA","NA","NA","NA","NA","NA","NA","NA","NA","NA","NA","NA","NA","NA","NA","NA","NA","NA","NA","NA","NA","NA","NA","NA","NA","NA","NA","NA","NA","NA","zoophagous-predator","Predator"
"Erythraeidae","Trombidiformes","Arachnida","zoophagous","predator","Velazco et al. (2022)","""Trombidiformes have a diet based mainly on microarthropods and nematodes""  doi.org/10.1101/2021.02.06.430","NA","NA","NA","NA","NA","NA","NA","NA","NA","NA","NA","NA","NA","NA","NA","NA","NA","NA","NA","NA","NA","NA","NA","NA","NA","NA","NA","NA","NA","NA","NA","NA","NA","NA","NA","NA","zoophagous-predator","Predator"
"Eupodidae","Trombidiformes","Arachnida","zoophagous","predator","Velazco et al. (2022)","""Trombidiformes have a diet based mainly on microarthropods and nematodes""  doi.org/10.1101/2021.02.06.430","NA","NA","NA","NA","NA","NA","NA","NA","NA","NA","NA","NA","NA","NA","NA","NA","NA","NA","NA","NA","NA","NA","NA","NA","NA","NA","NA","NA","NA","NA","NA","NA","NA","NA","NA","NA","zoophagous-predator","Predator"
"Phytoptidae","Trombidiformes","Arachnida","phytophagous","phyllophagous","https://link.springer.com/article/10.1007/s10493-015-9934-z","""plant-feeding mites""","NA","NA","NA","NA","NA","NA","NA","NA","NA","NA","NA","NA","NA","NA","NA","NA","NA","NA","NA","NA","NA","NA","NA","NA","NA","NA","NA","NA","NA","NA","NA","NA","NA","NA","NA","NA","phytophagous-phyllophagous","Phytophagous"
"Tarsonemidae","Trombidiformes","Arachnida","mixed","NA","https://link.springer.com/chapter/10.1007/978-4-431-99456-5_8","This family is noted to be phytophagous, ominviourous and predator in a table","NA","0.33","NA","NA","NA","NA","NA","NA","NA","NA","NA","NA","NA","NA","NA","NA","0.33","NA","NA","NA","NA","NA","NA","NA","NA","NA","NA","NA","NA","NA","NA","NA","NA","NA","NA","NA","multiple categories","Mulitple categories"
"Henicopidae","Lithobiomorpha","Chilopoda","zoophagous","predator","Borror & Delong","all centipedes predators","NA","NA","NA","NA","NA","NA","NA","NA","NA","NA","NA","NA","NA","NA","NA","NA","NA","NA","NA","NA","NA","NA","NA","NA","NA","NA","NA","NA","NA","NA","NA","NA","NA","NA","NA","NA","zoophagous-predator","Predator"
"Entomobryidae","Entomobryomorpha","Collembola","mixed","NA","Velazco et al. (2022)","""mainly associated with saprophytic fungi (119 species), followed in importance by bacteria, litter and humus."" doi.org/10.1101/2021.02.06.430","NA","NA","NA","NA","NA","NA","NA","NA","NA","NA","NA","NA","NA","NA","NA","NA","NA","NA","NA","NA","NA","NA","NA","NA","NA","NA","NA","NA","NA","NA","NA","NA","NA","NA","NA","NA","multiple categories","Mulitple categories"
"Blattidae","Blattodea","Insecta","detritophagous","NA","Horren",NA,"0","0","1","0","0","0","0","0","0","0","0","0","0","0","0","0","0","0","0","0","0","0","NA","NA","NA","NA","NA","NA","NA","NA","NA","NA","NA","NA","NA","NA","detritophagous/scavenger","Scavenger"
"Ectobiidae","Blattodea","Insecta","detritophagous","NA","McPherson et al. (2021)","https://academic.oup.com/jee/article-abstract/114/5/2189/6321385","NA","NA","NA","NA","NA","NA","NA","NA","NA","NA","NA","NA","NA","NA","NA","NA","NA","NA","NA","NA","NA","NA","NA","NA","NA","NA","NA","NA","NA","NA","NA","NA","NA","NA","NA","NA","detritophagous/scavenger","Scavenger"
"Rhinotermitidae","Blattodea","Insecta","phytophagous","saproxylic","Horren",NA,"0","1","0","0","0","0","0","1","0","0","0","0","0","0","0","0","0","0","0","0","0","0","NA","NA","NA","NA","NA","NA","NA","NA","NA","NA","NA","NA","NA","NA","phytophagous-saproxylic","Phytophagous"
"Anobiidae","Coleoptera","Insecta","phytophagous","saproxylic","Horren",NA,"0","1","0","0","0","0","0","1","0","0","0","0","0","0","0","0","0","0","0","0","0","0","NA","NA","NA","NA","NA","NA","NA","NA","NA","NA","NA","NA","NA","NA","phytophagous-saproxylic","Phytophagous"
"Apionidae","Coleoptera","Insecta","phytophagous","mixed","Horren",NA,"0","1","0","0","0","0","0","0","0","0.2","0.4","0.3","0","0","0.1","0","0","0","0","0","0","0","44","0","0","0","0","0","0","0","0","0","0","0","1","0","phytophagous-multiple/other","Phytophagous"
"Buprestidae","Coleoptera","Insecta","phytophagous","saproxylic","Horren",NA,"0","1","0","0","0","0","0","0.9","0","0.1","0","0","0","0","0","0","0","0","0","0","0","0","2","0","0","0","0","0","0","1","0","0","0","0","1","0","phytophagous-saproxylic","Phytophagous"
"Cantharidae","Coleoptera","Insecta","zoophagous","predator","Horren",NA,"1","0","0","0","0","0","0","0","0","0","0","0","0","0","0","0","1","0","0","0","0","0","21","1","0","0","1","0","1","0","0","0","0","0","0","0","zoophagous-predator","Predator"
"Carabidae","Coleoptera","Insecta","zoophagous","predator","Horren",NA,"1","0","0","0","0","0","0","0","0","0","0","0","0","0","0","0","1","0","0","0","0","0","27","1","1","0","0","0","1","0","0","0","0","0","0","0","zoophagous-predator","Predator"
"Cerambycidae","Coleoptera","Insecta","phytophagous","saproxylic","Horren",NA,"0","1","0","0","0","0","0","0.9","0","0.1","0","0","0","0","0","0","0","0","0","0","0","0","8","0","0","0","0","0","0","1","0","1","0","1","1","0","phytophagous-saproxylic","Phytophagous"
"Chrysomelidae","Coleoptera","Insecta","phytophagous","mixed","Horren",NA,"0","1","0","0","0","0","0.8","0","0","0.2","0","0","0","0","0","0","0","0","0","0","0","0","98","0","0","0","0","0","0","0","0","0","0","0","1","0","phytophagous-multiple/other","Phytophagous"
"Cleridae","Coleoptera","Insecta","zoophagous","predator","Horren",NA,"1","0","0","0","0","0","0","0","0","0","0","0","0","0","0","0","1","0","0","0","0","0","1","0","0","1","0","0","0","0","0","0","0","0","0","0","zoophagous-predator","Predator"
"Coccinellidae","Coleoptera","Insecta","zoophagous","predator","Horren",NA,"1","0","0","0","0","0","0","0","0","0","0","0","0","0","0","0","1","0","0","0","0","0","26","1","0","0","0","1","0","0","0","0","1","0","1","0","zoophagous-predator","Predator"
"Corylophidae","Coleoptera","Insecta","mixed","saproxylic","Horren",NA,"0","0.2","0.8","0","0","0","0","1","0","0","0","0","0","0","0","0","0","0","0","0","0","0","1","1","0","0","0","0","0","0","0","0","0","0","0","0","multiple categories","Mulitple categories"
"Curculionidae","Coleoptera","Insecta","phytophagous","mixed","Horren",NA,"0","1","0","0","0","0","0.4","0.1","0","0.1","0.1","0.1","0","0","0.2","0","0","0","0","0","0","0","119","0","0","0","0","0","0","1","0","1","0","0","1","0","phytophagous-multiple/other","Phytophagous"
"Dytiscidae","Coleoptera","Insecta","zoophagous","predator","Horren",NA,"1","0","0","0","0","0","0","0","0","0","0","0","0","0","0","0","1","0","0","0","0","0","1","1","0","0","0","0","0","0","0","0","0","0","0","0","zoophagous-predator","Predator"
"Elateridae","Coleoptera","Insecta","mixed","mixed","Horren",NA,"0.5","0.5","0","0","0","0","0","0.7","0","0","0","0","0","0","0.3","0","1","0","0","0","0","0","27","1","0","0","0","0","1","1","0","1","0","0","1","0","multiple categories","Mulitple categories"
"Endomychidae","Coleoptera","Insecta","mycetophagous","NA","Horren",NA,"0","0","0","1","0","0","0","0","0","0","0","0","0","0","0","0","0","0","0","0","0","0","NA","NA","NA","NA","NA","NA","NA","NA","NA","NA","NA","NA","NA","NA","mycetophagous","Mycetophagous"
"Erotylidae","Coleoptera","Insecta","mycetophagous","NA","Horren",NA,"0","0","0","1","0","0","0","0","0","0","0","0","0","0","0","0","0","0","0","0","0","0","NA","NA","NA","NA","NA","NA","NA","NA","NA","NA","NA","NA","NA","NA","mycetophagous","Mycetophagous"
"Hydrophilidae","Coleoptera","Insecta","zoophagous","predator","Horren",NA,"1","0","0","0","0","0","0","0","0","0","0","0","0","0","0","0","1","0","0","0","0","0","20","0","0","0","0","0","0","1","1","1","0","0","0","0","zoophagous-predator","Predator"
"Laemophloeidae","Coleoptera","Insecta","phytophagous","mixed","Horren",NA,"0","1","0","0","0","0","0","0.8","0","0.2","0","0","0","0","0","0","0","0","0","0","0","0","NA","NA","NA","NA","NA","NA","NA","NA","NA","NA","NA","NA","NA","NA","phytophagous-multiple/other","Phytophagous"
"Latridiidae","Coleoptera","Insecta","mycetophagous","NA","Horren",NA,"0","0","0","1","0","0","0","0","0","0","0","0","0","0","0","0","0","0","0","0","0","0","15","0","0","0","0","0","0","0","0","0","1","0","0","0","mycetophagous","Mycetophagous"
"Melandryidae","Coleoptera","Insecta","mixed","NA","Borror & White",NA,NA,NA,NA,NA,NA,NA,NA,NA,NA,NA,NA,NA,NA,NA,NA,NA,NA,NA,NA,NA,NA,NA,NA,NA,NA,NA,NA,NA,NA,NA,NA,NA,NA,NA,NA,NA,"multiple categories","Mulitple categories"
"Meloidae","Coleoptera","Insecta","mixed","NA","Borror","Horren states zoophagous predator/parasite but Borror emphasizes plant diet too","1","0","0","0","0","0","0","0","0","0","0","0","0","0","0","0","0.2","0","0","0.8","0","0","NA","NA","NA","NA","NA","NA","NA","NA","NA","NA","NA","NA","NA","NA","multiple categories","Mulitple categories"
"Melyridae","Coleoptera","Insecta","zoophagous","predator","Horren",NA,"1","0","0","0","0","0","0","0","0","0","0","0","0","0","0","0","1","0","0","0","0","0","4","1","0","0","0","0","1","0","0","0","0","0","0","0","zoophagous-predator","Predator"
"Monotomidae","Coleoptera","Insecta","mixed","saproxylic","Horren",NA,"0","0.5","0.5","0","0","0","0","1","0","0","0","0","0","0","0","0","0","0","0","0","0","0","NA","NA","NA","NA","NA","NA","NA","NA","NA","NA","NA","NA","NA","NA","multiple categories","Mulitple categories"
"Mycetophagidae","Coleoptera","Insecta","mixed","saproxylic","Horren",NA,"0","0.2","0","0.8","0","0","0","1","0","0","0","0","0","0","0","0","0","0","0","0","0","0","NA","NA","NA","NA","NA","NA","NA","NA","NA","NA","NA","NA","NA","NA","multiple categories","Mulitple categories"
"Nitidulidae","Coleoptera","Insecta","mixed","flower","Horren",NA,"0","0.6","0","0","0.4","0","0","0","0","0","1","0","0","0","0","0","0","0","0","0","0","0","20","0","0","1","1","0","0","0","0","0","0","0","1","0","multiple categories","Mulitple categories"
"Phalacridae","Coleoptera","Insecta","phytophagous","flower","Horren",NA,"0","1","0","0","0","0","0","0","0","0","1","0","0","0","0","0","0","0","0","0","0","0","14","0","0","0","0","0","0","0","0","0","1","1","1","0","phytophagous-multiple/other","Phytophagous"
"Ptiliidae","Coleoptera","Insecta","mixed","saproxylic","Horren",NA,"0","0.2","0.4","0","0.2","0.2","0","1","0","0","0","0","0","0","0","0","0","0","0","0","0","0","5","0","0","0","0","0","0","0","0","0","1","0","0","0","multiple categories","Mulitple categories"
"Scarabaeidae","Coleoptera","Insecta","mixed","roots","Horren",NA,"0","0.2","0.1","0","0.2","0.5","0.1","0","0","0","0","0","0","0","0.9","0","0","0","0","0","0","0","17","0","0","0","0","0","0","1","0","0","0","0","1","0","multiple categories","Mulitple categories"
"Scraptiidae","Coleoptera","Insecta","phytophagous","saproxylic","Horren",NA,"0","1","0","0","0","0","0","1","0","0","0","0","0","0","0","0","0","0","0","0","0","0","3","0","0","0","1","0","1","0","0","0","0","0","0","0","phytophagous-saproxylic","Phytophagous"
"Silphidae","Coleoptera","Insecta","zoophagous","necro","Horren",NA,"1","0","0","0","0","0","0","0","0","0","0","0","0","0","0","0","0.1","0","0","0","0.9","0","1","0","0","1","0","0","0","0","0","0","0","0","0","0","detritophagous/scavenger","Scavenger"
"Silvanidae","Coleoptera","Insecta","mixed","mixed","Horren",NA,"0","0.8","0.2","0","0","0","0","0.8","0","0","0","0","0","0","0","0.2","0","0","0","0","0","0","1","1","0","0","0","0","0","0","0","0","0","0","0","0","multiple categories","Mulitple categories"
"Staphylinidae","Coleoptera","Insecta","mixed","mixed","Horren",NA,"0.7","0.1","0.1","0.1","0","0","0","0.5","0","0","0.5","0","0","0","0","0","0.7","0","0","0.3","0","0","116","1","0","1","1","1","1","1","0","0","1","0","1","0","multiple categories","Mulitple categories"
"Tenebrionidae","Coleoptera","Insecta","mixed","mixed","Horren",NA,"0","0.6","0.2","0.2","0","0","0","0.5","0","0","0","0","0","0","0.1","0.4","0","0","0","0","0","0","NA","NA","NA","NA","NA","NA","NA","NA","NA","NA","NA","NA","NA","NA","multiple categories","Mulitple categories"
"Acroceridae","Diptera","Insecta","zoophagous","parasite","Horren",NA,"1","0","0","0","0","0","0","0","0","0","0","0","0","0","0","0","0","0","0","1","0","0","NA","NA","NA","NA","NA","NA","NA","NA","NA","NA","NA","NA","NA","NA","zoophagous-parasite/parasitoid","Parasite/parasitoid"
"Agromyzidae","Diptera","Insecta","phytophagous","miners","Horren",NA,"0","1","0","0","0","0","0","0","0","0","0","0","0","1","0","0","0","0","0","0","0","0","NA","NA","NA","NA","NA","NA","NA","NA","NA","NA","NA","NA","NA","NA","phytophagous-galls/miners","Phytophagous"
"Anisopodidae","Diptera","Insecta","mixed","mixed","Horren",NA,"0","0.2","0.8","0","0","0","0","0","0","0","0","0","0","0","0.5","0.5","0","0","0","0","0","0","NA","NA","NA","NA","NA","NA","NA","NA","NA","NA","NA","NA","NA","NA","multiple categories","Mulitple categories"
"Asilidae","Diptera","Insecta","zoophagous","predator","Horren",NA,"1","0","0","0","0","0","0","0","0","0","0","0","0","0","0","0","1","0","0","0","0","0","NA","NA","NA","NA","NA","NA","NA","NA","NA","NA","NA","NA","NA","NA","zoophagous-predator","Predator"
"Bibionidae","Diptera","Insecta","detritophagous","mixed","Horren",NA,"0","0.1","0.9","0","0","0","0","0.2","0","0","0","0","0","0","0.1","0.7","0","0","0","0","0","0","NA","NA","NA","NA","NA","NA","NA","NA","NA","NA","NA","NA","NA","NA","detritophagous/scavenger","Scavenger"
"Calliphoridae","Diptera","Insecta","mixed","necro","Horren",NA,"0.8","0","0","0","0","0.2","0","0","0","0","0","0","0","0","0","0","0","0","0","0","1","0","NA","NA","NA","NA","NA","NA","NA","NA","NA","NA","NA","NA","NA","NA","detritophagous/scavenger","Scavenger"
"Cecidomyiidae","Diptera","Insecta","phytophagous","gall","Horren",NA,"0","1","0","0","0","0","0","0","0","0","0","0","1","0","0","0","0","0","0","0","0","0","NA","NA","NA","NA","NA","NA","NA","NA","NA","NA","NA","NA","NA","NA","phytophagous-galls/miners","Phytophagous"
"Ceratopogonidae","Diptera","Insecta","detritophagous","NA","Horren",NA,"0","0","0.9","0","0","0.1","0","0","0","0","0","0","0","0","0","0","0","0","0","0","0","0","NA","NA","NA","NA","NA","NA","NA","NA","NA","NA","NA","NA","NA","NA","detritophagous/scavenger","Scavenger"
"Chaoboridae","Diptera","Insecta","zoophagous","predator","Horren",NA,"1","0","0","0","0","0","0","0","0","0","0","0","0","0","0","0","1","0","0","0","0","0","NA","NA","NA","NA","NA","NA","NA","NA","NA","NA","NA","NA","NA","NA","zoophagous-predator","Predator"
"Chironomidae","Diptera","Insecta","detritophagous","NA","Horren",NA,"0","0","1","0","0","0","0","0","0","0","0","0","0","0","0","0","0","0","0","0","0","0","NA","NA","NA","NA","NA","NA","NA","NA","NA","NA","NA","NA","NA","NA","detritophagous/scavenger","Scavenger"
"Chloropidae","Diptera","Insecta","mixed","mixed","Horren",NA,"0.1","0.7","0.1","0","0","0.1","0","0","0","0.8","0.1","0","0.1","0","0","0","1","0","0","0","0","0","NA","NA","NA","NA","NA","NA","NA","NA","NA","NA","NA","NA","NA","NA","multiple categories","Mulitple categories"
"Culicidae","Diptera","Insecta","detritophagous","NA","Horren",NA,"0","0","1","0","0","0","0","0","0","0","0","0","0","0","0","0","0","0","0","0","0","0","NA","NA","NA","NA","NA","NA","NA","NA","NA","NA","NA","NA","NA","NA","detritophagous/scavenger","Scavenger"
"Dolichopodidae","Diptera","Insecta","zoophagous","predator","Horren",NA,"0.9","0.1","0","0","0","0","0","0","0","1","0","0","0","0","0","0","1","0","0","0","0","0","NA","NA","NA","NA","NA","NA","NA","NA","NA","NA","NA","NA","NA","NA","zoophagous-predator","Predator"
"Drosophilidae","Diptera","Insecta","mixed","mixed","Horren",NA,"0.1","0.2","0","0","0.7","0","0","0","0","1","0","0","0","0","0","0","0.8","0","0","0.2","0","0","NA","NA","NA","NA","NA","NA","NA","NA","NA","NA","NA","NA","NA","NA","multiple categories","Mulitple categories"
"Ephydridae","Diptera","Insecta","mixed","mixed","Horren",NA,"0.2","0.1","0.7","0","0","0","0","0","0","0","0","0","0","1","0","0","0.6","0","0","0.1","0.3","0","NA","NA","NA","NA","NA","NA","NA","NA","NA","NA","NA","NA","NA","NA","multiple categories","Mulitple categories"
"Fanniidae","Diptera","Insecta","detritophagous","NA","Horren",NA,"0","0","1","0","0","0","0","0","0","0","0","0","0","0","0","0","0","0","0","0","0","0","NA","NA","NA","NA","NA","NA","NA","NA","NA","NA","NA","NA","NA","NA","detritophagous/scavenger","Scavenger"
"Limoniidae","Diptera","Insecta","mixed","saproxylic","Horren",NA,"0","0.1","0.8","0.1","0","0","0","1","0","0","0","0","0","0","0","0","0","0","0","0","0","0","NA","NA","NA","NA","NA","NA","NA","NA","NA","NA","NA","NA","NA","NA","multiple categories","Mulitple categories"
"Muscidae","Diptera","Insecta","mixed","mixed","Horren",NA,"0.1","0.3","0.2","0.1","0.1","0.2","0","0.2","0","0","0","0","0","0.7","0","0.1","0.9","0","0","0","0.1","0","NA","NA","NA","NA","NA","NA","NA","NA","NA","NA","NA","NA","NA","NA","multiple categories","Mulitple categories"
"Mycetophilidae","Diptera","Insecta","mixed","mixed","Horren",NA,"0.1","0","0.1","0.8","0","0","0","0","0","0","0","0","0","0","0","0","1","0","0","0","0","0","NA","NA","NA","NA","NA","NA","NA","NA","NA","NA","NA","NA","NA","NA","multiple categories","Mulitple categories"
"Pediciidae","Diptera","Insecta","mixed","not specified","Horren",NA,"0","0.2","0.5","0.3","0","0","0","0","0","0","0","0","0","0","0","1","0","0","0","0","0","0","NA","NA","NA","NA","NA","NA","NA","NA","NA","NA","NA","NA","NA","NA","multiple categories","Mulitple categories"
"Phoridae","Diptera","Insecta","mixed","mixed","Horren",NA,"0.4","0","0.4","0.2","0","0","0","0","0","0","0","0","0","0","0","0","0.5","0.5","0","0","0","0","NA","NA","NA","NA","NA","NA","NA","NA","NA","NA","NA","NA","NA","NA","multiple categories","Mulitple categories"
"Platypezidae","Diptera","Insecta","mixed","mixed","Horren",NA,"0","0.2","0","0.8","0","0","0","1","0","0","0","0","0","0","0","0","0","0","0","0","0","0","NA","NA","NA","NA","NA","NA","NA","NA","NA","NA","NA","NA","NA","NA","multiple categories","Mulitple categories"
"Platystomatidae","Diptera","Insecta","mixed","mixed","Horren",NA,"0.2","0.4","0.4","0","0","0","0","0","0","0","0","0","0","0","0","1","1","0","0","0","0","0","NA","NA","NA","NA","NA","NA","NA","NA","NA","NA","NA","NA","NA","NA","multiple categories","Mulitple categories"
"Polleniidae","Diptera","Insecta","mixed","mixed","Horren","zoo/necro and copro; based on entry for Calliphoridae which used to include this family","0.8","NA","NA","NA","NA","0.2","NA","NA","NA","NA","NA","NA","NA","NA","NA","NA","0","NA","NA","NA","1","NA","NA","NA","NA","NA","NA","NA","NA","NA","NA","NA","NA","NA","NA","NA","detritophagous/scavenger","Scavenger"
"Psychodidae","Diptera","Insecta","mixed","mixed","Horren",NA,"0.7","0.1","0.2","0","0","0","0","0","0","0","0","0","0","0","0","1","0","0","0.8","0","0","0.2","NA","NA","NA","NA","NA","NA","NA","NA","NA","NA","NA","NA","NA","NA","multiple categories","Mulitple categories"
"Rhiniidae","Diptera","Insecta","mixed","mixed","Horren","zoo/necro and copro; based on entry for Calliphoridae which used to include this family","0.8","NA","NA","NA","NA","0.2","NA","NA","NA","NA","NA","NA","NA","NA","NA","NA","0","NA","NA","NA","1","NA","NA","NA","NA","NA","NA","NA","NA","NA","NA","NA","NA","NA","NA","NA","detritophagous/scavenger","Scavenger"
"Sarcophagidae","Diptera","Insecta","mixed","mixed","Horren",NA,"0.8","0","0","0","0","0.2","0","0","0","0","0","0","0","0","0","0","0.2","0.4","0","0","0.4","0","NA","NA","NA","NA","NA","NA","NA","NA","NA","NA","NA","NA","NA","NA","multiple categories","Mulitple categories"
"Scatopsidae","Diptera","Insecta","mixed","mixed","Horren",NA,"0","0.1","0.1","0.2","0","0.6","0","0.5","0","0","0","0","0","0","0","0.5","0","0","0","0","0","0","NA","NA","NA","NA","NA","NA","NA","NA","NA","NA","NA","NA","NA","NA","multiple categories","Mulitple categories"
"Sciaridae","Diptera","Insecta","mixed","mixed","Horren",NA,"0","0.1","0","0.4","0.5","0","0","0","0","0","0","0","0","0.2","0.2","0.6","0","0","0","0","0","0","NA","NA","NA","NA","NA","NA","NA","NA","NA","NA","NA","NA","NA","NA","multiple categories","Mulitple categories"
"Simuliidae","Diptera","Insecta","detritophagous","NA","Horren",NA,"0","0","1","0","0","0","0","0","0","0","0","0","0","0","0","0","0","0","0","0","0","0","NA","NA","NA","NA","NA","NA","NA","NA","NA","NA","NA","NA","NA","NA","detritophagous/scavenger","Scavenger"
"Sphaeroceridae","Diptera","Insecta","detritophagous","NA","Horren",NA,"0","0","1","0","0","0","0","0","0","0","0","0","0","0","0","0","0","0","0","0","0","0","NA","NA","NA","NA","NA","NA","NA","NA","NA","NA","NA","NA","NA","NA","detritophagous/scavenger","Scavenger"
"Stratiomyidae","Diptera","Insecta","mixed","saproxylic","Horren",NA,"0","0.3","0.7","0","0","0","0","0.9","0","0","0","0","0","0","0","0.1","0","0","0","0","0","0","NA","NA","NA","NA","NA","NA","NA","NA","NA","NA","NA","NA","NA","NA","multiple categories","Mulitple categories"
"Syrphidae","Diptera","Insecta","mixed","mixed","Horren",NA,"0.5","0.3","0.1","0","0.1","0","0","0.3","0","0.3","0","0","0","0","0.3","0.1","1","0","0","0","0","0","NA","NA","NA","NA","NA","NA","NA","NA","NA","NA","NA","NA","NA","NA","multiple categories","Mulitple categories"
"Tabanidae","Diptera","Insecta","mixed","mixed","Horren",NA,"0.5","0","0.5","0","0","0","0","0","0","0","0","0","0","0","0","0","1","0","0","0","0","0","NA","NA","NA","NA","NA","NA","NA","NA","NA","NA","NA","NA","NA","NA","multiple categories","Mulitple categories"
"Tachinidae","Diptera","Insecta","zoophagous","parasite","Horren",NA,"1","0","0","0","0","0","0","0","0","0","0","0","0","0","0","0","0","0","0","1","0","0","NA","NA","NA","NA","NA","NA","NA","NA","NA","NA","NA","NA","NA","NA","zoophagous-parasite/parasitoid","Parasite/parasitoid"
"Tephritidae","Diptera","Insecta","phytophagous","mixed","Horren",NA,"0","1","0","0","0","0","0","0","0","0.5","0.4","0","0.1","0","0","0","0","0","0","0","0","0","NA","NA","NA","NA","NA","NA","NA","NA","NA","NA","NA","NA","NA","NA","phytophagous-multiple/other","Phytophagous"
"Tipulidae","Diptera","Insecta","detritophagous","NA","Horren",NA,"0","0.1","0.9","0","0","0","0","0","0","0","0","0","0","0","1","0","0","0","0","0","0","0","NA","NA","NA","NA","NA","NA","NA","NA","NA","NA","NA","NA","NA","NA","detritophagous/scavenger","Scavenger"
"Trichoceridae","Diptera","Insecta","detritophagous","NA","Horren",NA,"0","0","1","0","0","0","0","0","0","0","0","0","0","0","0","0","0","0","0","0","0","0","NA","NA","NA","NA","NA","NA","NA","NA","NA","NA","NA","NA","NA","NA","detritophagous/scavenger","Scavenger"
"Ulidiidae","Diptera","Insecta","mixed","saproxylic","Horren",".9 det/sap/cop","0","0.1","0.8","0","0.1","0","0","1","0","0","0","0","0","0","0","0","0","0","0","0","0","0","NA","NA","NA","NA","NA","NA","NA","NA","NA","NA","NA","NA","NA","NA","detritophagous/scavenger","Scavenger"
"Baetidae","Ephemeroptera","Insecta","detritophagous","NA","Horren",NA,"0","0","1","0","0","0","0","0","0","0","0","0","0","0","0","0","0","0","0","0","0","0","NA","NA","NA","NA","NA","NA","NA","NA","NA","NA","NA","NA","NA","NA","detritophagous/scavenger","Scavenger"
"Caenidae","Ephemeroptera","Insecta","detritophagous","NA","Horren",NA,"0","0.1","0.9","0","0","0","0","0","0","0","0","0","0","0","0","1","0","0","0","0","0","0","NA","NA","NA","NA","NA","NA","NA","NA","NA","NA","NA","NA","NA","NA","detritophagous/scavenger","Scavenger"
"Ephemerellidae","Ephemeroptera","Insecta","phytophagous","not specified","Horren",NA,"0.1","0.9","0","0","0","0","0","0","0","0","0","0","0","0","0","1","1","0","0","0","0","0","NA","NA","NA","NA","NA","NA","NA","NA","NA","NA","NA","NA","NA","NA","phytophagous-multiple/other","Phytophagous"
"Adelgidae","Hemiptera","Insecta","phytophagous","sap sucking","Horren",NA,"0","1","0","0","0","0","0","0","1","0","0","0","0","0","0","0","0","0","0","0","0","0","NA","NA","NA","NA","NA","NA","NA","NA","NA","NA","NA","NA","NA","NA","phytophagous-sap sucking","Phytophagous"
"Aphalaridae","Hemiptera","Insecta","phytophagous","sap sucking","Sharma & Raman (2017)","https://researchoutput.csu.edu.au/en/publications/feeding-biology-and-nutritional-physiology-of-psylloidea-insecta-","NA","NA","NA","NA","NA","NA","NA","NA","NA","NA","NA","NA","NA","NA","NA","NA","NA","NA","NA","NA","NA","NA","NA","NA","NA","NA","NA","NA","NA","NA","NA","NA","NA","NA","NA","NA","phytophagous-sap sucking","Phytophagous"
"Aphididae","Hemiptera","Insecta","phytophagous","sap sucking","Horren",NA,"0","1","0","0","0","0","0","0","1","0","0","0","0","0","0","0","0","0","0","0","0","0","NA","NA","NA","NA","NA","NA","NA","NA","NA","NA","NA","NA","NA","NA","phytophagous-sap sucking","Phytophagous"
"Cicadellidae","Hemiptera","Insecta","phytophagous","sap sucking","Horren",NA,"0","1","0","0","0","0","0","0","1","0","0","0","0","0","0","0","0","0","0","0","0","0","94","0","0","0","0","0","0","0","0","0","0","0","1","0","phytophagous-sap sucking","Phytophagous"
"Cicadidae","Hemiptera","Insecta","phytophagous","sap sucking","Horren",NA,"0","1","0","0","0","0","0","0","1","0","0","0","0","0","0","0","0","0","0","0","0","0","NA","NA","NA","NA","NA","NA","NA","NA","NA","NA","NA","NA","NA","NA","phytophagous-sap sucking","Phytophagous"
"Coreidae","Hemiptera","Insecta","phytophagous","sap sucking","Horren",NA,"0","1","0","0","0","0","0","0","1","0","0","0","0","0","0","0","0","0","0","0","0","0","4","0","0","0","0","0","0","0","0","0","0","0","1","0","phytophagous-sap sucking","Phytophagous"
"Fulgoridae","Hemiptera","Insecta","phytophagous","sap sucking","Borror",NA,"NA","NA","NA","NA","NA","NA","NA","NA","NA","NA","NA","NA","NA","NA","NA","NA","NA","NA","NA","NA","NA","NA","NA","NA","NA","NA","NA","NA","NA","NA","NA","NA","NA","NA","NA","NA","phytophagous-sap sucking","Phytophagous"
"Lygaeidae","Hemiptera","Insecta","phytophagous","sap sucking","Horren",NA,"0","1","0","0","0","0","0","0","1","0","0","0","0","0","0","0","0","0","0","0","0","0","22","0","0","0","0","0","0","0","0","0","0","0","1","1","phytophagous-sap sucking","Phytophagous"
"Miridae","Hemiptera","Insecta","mixed","mixed","Horren",NA,"0.2","0.8","0","0","0","0","0","0","1","0","0","0","0","0","0","0","1","0","0","0","0","0","82","1","1","0","0","0","1","0","0","0","0","0","1","1","multiple categories","Mulitple categories"
"Pemphigidae","Hemiptera","Insecta","phytophagous","gall","Wool (2004)","https://www.researchgate.net/profile/David-Wool/publication/8980791_Galling_Aphids_Specialization_Biological_Complexity_and_Variation/links/5e81cd5b299bf1a91b8a5426/Galling-Aphids-Specialization-Biological-Complexity-and-Variation.pdf","NA","1","NA","NA","NA","NA","NA","NA","NA","NA","NA","NA","1","NA","NA","NA","NA","NA","NA","NA","NA","NA","NA","NA","NA","NA","NA","NA","NA","NA","NA","NA","NA","NA","NA","NA","phytophagous-galls/miners","Phytophagous"
"Pentatomidae","Hemiptera","Insecta","phytophagous","sap sucking","Horren",NA,"0","1","0","0","0","0","0","0","1","0","0","0","0","0","0","0","0","0","0","0","0","0","13","0","0","0","0","0","1","0","0","0","0","0","1","1","phytophagous-sap sucking","Phytophagous"
"Phymatidae","Hemiptera","Insecta","zoophagous","predator","Review article https://reader.elsevier.com/reader/sd/pii/S1049964411000417?token=BDAB0A51E200C364249182315B4325E0689266220DF7B29BB46F37BCF50A4C88CDA13A7DB493A1F066BEE5E989A8AE1D&originRegion=eu-west-1&originCreation=20220712130618",NA,"0","0","0","0","0","0","0","0","0","0","0","0","0","0","0","0","1","0","0","0","0","0","0","0","0","0","0","0","0","0","0","0","0","0","0","0","zoophagous-predator","Predator"
"Reduviidae","Hemiptera","Insecta","zoophagous","predator","Horren",NA,"1","0","0","0","0","0","0","0","0","0","0","0","0","0","0","0","1","0","0","0","0","0","1","1","0","0","0","0","0","0","0","0","0","0","0","0","zoophagous-predator","Predator"
"Saldidae","Hemiptera","Insecta","zoophagous","predator","Horren",NA,"1","0","0","0","0","0","0","0","0","0","0","0","0","0","0","0","1","0","0","0","0","0","5","1","0","0","0","0","0","0","0","0","0","0","0","0","zoophagous-predator","Predator"
"Aphelinidae","Hymenoptera","Insecta","zoophagous","parasitoid","Horren",NA,"1","0","0","0","0","0","0","0","0","0","0","0","0","0","0","0","0","1","0","0","0","0","NA","NA","NA","NA","NA","NA","NA","NA","NA","NA","NA","NA","NA","NA","zoophagous-parasite/parasitoid","Parasite/parasitoid"
"Braconidae","Hymenoptera","Insecta","zoophagous","parasitoid","Horren",NA,"1","0","0","0","0","0","0","0","0","0","0","0","0","0","0","0","0","1","0","0","0","0","NA","NA","NA","NA","NA","NA","NA","NA","NA","NA","NA","NA","NA","NA","zoophagous-parasite/parasitoid","Parasite/parasitoid"
"Chrysididae","Hymenoptera","Insecta","zoophagous","parasitoid","Horren",NA,"1","0","0","0","0","0","0","0","0","0","0","0","0","0","0","0","0","1","0","0","0","0","NA","NA","NA","NA","NA","NA","NA","NA","NA","NA","NA","NA","NA","NA","zoophagous-parasite/parasitoid","Parasite/parasitoid"
"Diprionidae","Hymenoptera","Insecta","phytophagous","phyllophagous","Horren",NA,"0","1","0","0","0","0","1","0","0","0","0","0","0","0","0","0","0","0","0","0","0","0","NA","NA","NA","NA","NA","NA","NA","NA","NA","NA","NA","NA","NA","NA","phytophagous-phyllophagous","Phytophagous"
"Formicidae","Hymenoptera","Insecta","zoophagous","predator","Horren",NA,"0.9","0.1","0","0","0","0","0","0","0","0","0","0","0","0","0","1","0.9","0.1","0","0","0","0","NA","NA","NA","NA","NA","NA","NA","NA","NA","NA","NA","NA","NA","NA","zoophagous-predator","Predator"
"Ichneumonidae","Hymenoptera","Insecta","zoophagous","parasitoid","Horren",NA,"1","0","0","0","0","0","0","0","0","0","0","0","0","0","0","0","0","1","0","0","0","0","NA","NA","NA","NA","NA","NA","NA","NA","NA","NA","NA","NA","NA","NA","zoophagous-parasite/parasitoid","Parasite/parasitoid"
"Mymaridae","Hymenoptera","Insecta","zoophagous","parasitoid","Horren",NA,"1","0","0","0","0","0","0","0","0","0","0","0","0","0","0","0","0","1","0","0","0","0","NA","NA","NA","NA","NA","NA","NA","NA","NA","NA","NA","NA","NA","NA","zoophagous-parasite/parasitoid","Parasite/parasitoid"
"Pergidae","Hymenoptera","Insecta","phytophagous","phyllophagous","Sawfly GenUS","http://idtools.org/id/sawfly/factsheet.php?name=17592","NA","NA","NA","NA","NA","NA","NA","NA","NA","NA","NA","NA","NA","NA","NA","NA","NA","NA","NA","NA","NA","NA","NA","NA","NA","NA","NA","NA","NA","NA","NA","NA","NA","NA","NA","NA","phytophagous-phyllophagous","Phytophagous"
"Platygastridae","Hymenoptera","Insecta","zoophagous","parasitoid","Horren",NA,"1","0","0","0","0","0","0","0","0","0","0","0","0","0","0","0","0","1","0","0","0","0","NA","NA","NA","NA","NA","NA","NA","NA","NA","NA","NA","NA","NA","NA","zoophagous-parasite/parasitoid","Parasite/parasitoid"
"Scelionidae","Hymenoptera","Insecta","zoophagous","parasitoid","Horren",NA,"1","0","0","0","0","0","0","0","0","0","0","0","0","0","0","0","0","1","0","0","0","0","NA","NA","NA","NA","NA","NA","NA","NA","NA","NA","NA","NA","NA","NA","zoophagous-parasite/parasitoid","Parasite/parasitoid"
"Tenthredinidae","Hymenoptera","Insecta","phytophagous","mixed","Horren",NA,"0","1","0","0","0","0","0.8","0","0","0","0","0","0.1","0.1","0","0","0","0","0","0","0","0","NA","NA","NA","NA","NA","NA","NA","NA","NA","NA","NA","NA","NA","NA","phytophagous-multiple/other","Phytophagous"
"Vespidae","Hymenoptera","Insecta","zoophagous","predator","Horren",NA,"1","0","0","0","0","0","0","0","0","0","0","0","0","0","0","0","0.9","0.1","0","0","0","0","NA","NA","NA","NA","NA","NA","NA","NA","NA","NA","NA","NA","NA","NA","zoophagous-predator","Predator"
"Blastobasidae","Lepidoptera","Insecta","detritophagous","NA","Horren",NA,"0","0.1","0.9","0","0","0","0","0","0","0","0","0","0","0","0","1","0","0","0","0","0","0","NA","NA","NA","NA","NA","NA","NA","NA","NA","NA","NA","NA","NA","NA","detritophagous/scavenger","Scavenger"
"Bombycidae","Lepidoptera","Insecta","phytophagous","phyllophagous","Horren","Not found in wild in US according to Borror","0","1","0","0","0","0","1","0","0","0","0","0","0","0","0","0","0","0","0","0","0","0","NA","NA","NA","NA","NA","NA","NA","NA","NA","NA","NA","NA","NA","NA","phytophagous-phyllophagous","Phytophagous"
"Bucculatricidae","Lepidoptera","Insecta","phytophagous","miners","Horren",NA,"0","1","0","0","0","0","0.1","0","0","0","0","0","0","0.9","0","0","0","0","0","0","0","0","NA","NA","NA","NA","NA","NA","NA","NA","NA","NA","NA","NA","NA","NA","phytophagous-galls/miners","Phytophagous"
"Cosmopterigidae","Lepidoptera","Insecta","phytophagous","mixed","Horren",NA,"0","1","0","0","0","0","0.2","0","0","0","0","0","0.2","0.6","0","0","0","0","0","0","0","0","NA","NA","NA","NA","NA","NA","NA","NA","NA","NA","NA","NA","NA","NA","phytophagous-multiple/other","Phytophagous"
"Crambidae","Lepidoptera","Insecta","phytophagous","mixed","Horren",NA,"0","1","0","0","0","0","0.4","0","0","0.1","0.1","0.1","0","0","0.3","0","0","0","0","0","0","0","NA","NA","NA","NA","NA","NA","NA","NA","NA","NA","NA","NA","NA","NA","phytophagous-multiple/other","Phytophagous"
"Elachistidae","Lepidoptera","Insecta","phytophagous","miners","Horren",NA,"0","1","0","0","0","0","0","0","0","0","0","0","0","1","0","0","0","0","0","0","0","0","NA","NA","NA","NA","NA","NA","NA","NA","NA","NA","NA","NA","NA","NA","phytophagous-galls/miners","Phytophagous"
"Erebidae","Lepidoptera","Insecta","phytophagous","phyllophagous","Horren",NA,"0","1","0","0","0","0","1","0","0","0","0","0","0","0","0","0","0","0","0","0","0","0","NA","NA","NA","NA","NA","NA","NA","NA","NA","NA","NA","NA","NA","NA","phytophagous-phyllophagous","Phytophagous"
"Plutellidae","Lepidoptera","Insecta","phytophagous","phyllophagous","Borror","several sources say Mimosa webworm is the only spp in North America (Galacticidae in most non-NCBI taxonomies)","NA","1","NA","NA","NA","NA","1","NA","NA","NA","NA","NA","NA","NA","NA","NA","NA","NA","NA","NA","NA","NA","NA","NA","NA","NA","NA","NA","NA","NA","NA","NA","NA","NA","NA","NA","phytophagous-phyllophagous","Phytophagous"
"Gelechiidae","Lepidoptera","Insecta","phytophagous","mixed","Horren",NA,"0","1","0","0","0","0","0","0","0","0","0","0.1","0.1","0.8","0","0","0","0","0","0","0","0","NA","NA","NA","NA","NA","NA","NA","NA","NA","NA","NA","NA","NA","NA","phytophagous-multiple/other","Phytophagous"
"Geometridae","Lepidoptera","Insecta","phytophagous","not specified","Horren",NA,"0","1","0","0","0","0","0","0","0","0","0","0","0","0","0","1","0","0","0","0","0","0","NA","NA","NA","NA","NA","NA","NA","NA","NA","NA","NA","NA","NA","NA","phytophagous-multiple/other","Phytophagous"
"Gracillariidae","Lepidoptera","Insecta","phytophagous","miners","Horren",NA,"0","1","0","0","0","0","0","0","0","0","0","0","0","1","0","0","0","0","0","0","0","0","NA","NA","NA","NA","NA","NA","NA","NA","NA","NA","NA","NA","NA","NA","phytophagous-galls/miners","Phytophagous"
"Hesperiidae","Lepidoptera","Insecta","phytophagous","phyllophagous","Horren",NA,"0","1","0","0","0","0","1","0","0","0","0","0","0","0","0","0","0","0","0","0","0","0","NA","NA","NA","NA","NA","NA","NA","NA","NA","NA","NA","NA","NA","NA","phytophagous-phyllophagous","Phytophagous"
"Limacodidae","Lepidoptera","Insecta","phytophagous","phyllophagous","Horren",NA,"0","1","0","0","0","0","1","0","0","0","0","0","0","0","0","0","0","0","0","0","0","0","NA","NA","NA","NA","NA","NA","NA","NA","NA","NA","NA","NA","NA","NA","phytophagous-phyllophagous","Phytophagous"
"Lycaenidae","Lepidoptera","Insecta","phytophagous","phyllophagous","Horren",NA,"0.1","0.9","0","0","0","0","1","0","0","0","0","0","0","0","0","0","0","0","0","0","1","0","NA","NA","NA","NA","NA","NA","NA","NA","NA","NA","NA","NA","NA","NA","phytophagous-phyllophagous","Phytophagous"
"Meessiidae","Lepidoptera","Insecta","mixed","NA","Reiger et al. (2015)","doi.org/10.1111/syen.12110 (mycetophagy, detritophagy)","NA","NA","0.5","0.5","NA","NA","NA","NA","NA","NA","NA","NA","NA","NA","NA","NA","NA","NA","NA","NA","NA","NA","NA","NA","NA","NA","NA","NA","NA","NA","NA","NA","NA","NA","NA","NA","multiple categories","Mulitple categories"
"Nepticulidae","Lepidoptera","Insecta","phytophagous","mixed","Horren",NA,"0","1","0","0","0","0","0","0.1","0","0","0","0.1","0.1","0.7","0","0","0","0","0","0","0","0","NA","NA","NA","NA","NA","NA","NA","NA","NA","NA","NA","NA","NA","NA","phytophagous-multiple/other","Phytophagous"
"Noctuidae","Lepidoptera","Insecta","phytophagous","phyllophagous","Horren",NA,"0","1","0","0","0","0","1","0","0","0","0","0","0","0","0","0","0","0","0","0","0","0","NA","NA","NA","NA","NA","NA","NA","NA","NA","NA","NA","NA","NA","NA","phytophagous-phyllophagous","Phytophagous"
"Notodontidae","Lepidoptera","Insecta","phytophagous","phyllophagous","Horren",NA,"0","1","0","0","0","0","1","0","0","0","0","0","0","0","0","0","0","0","0","0","0","0","NA","NA","NA","NA","NA","NA","NA","NA","NA","NA","NA","NA","NA","NA","phytophagous-phyllophagous","Phytophagous"
"Nymphalidae","Lepidoptera","Insecta","phytophagous","phyllophagous","Horren",NA,"0","1","0","0","0","0","1","0","0","0","0","0","0","0","0","0","0","0","0","0","0","0","NA","NA","NA","NA","NA","NA","NA","NA","NA","NA","NA","NA","NA","NA","phytophagous-phyllophagous","Phytophagous"
"Oecophoridae","Lepidoptera","Insecta","mixed","mixed","Horren",NA,"0","0.8","0.2","0","0","0","0","0.8","0","0","0","0","0","0","0","0.2","0","0","0","0","0","0","NA","NA","NA","NA","NA","NA","NA","NA","NA","NA","NA","NA","NA","NA","multiple categories","Mulitple categories"
"Papilionidae","Lepidoptera","Insecta","phytophagous","mixed","Horren",NA,"0","1","0","0","0","0","0.7","0","0","0.2","0.1","0","0","0","0","0","0","0","0","0","0","0","NA","NA","NA","NA","NA","NA","NA","NA","NA","NA","NA","NA","NA","NA","phytophagous-multiple/other","Phytophagous"
"Pyralidae","Lepidoptera","Insecta","mixed","mixed","Horren",NA,"0.1","0.8","0.1","0","0","0","0.8","0","0","0","0","0","0","0","0","0.2","0","0","0","0","0","1","NA","NA","NA","NA","NA","NA","NA","NA","NA","NA","NA","NA","NA","NA","multiple categories","Mulitple categories"
"Saturniidae","Lepidoptera","Insecta","phytophagous","phyllophagous","Horren",NA,"0","1","0","0","0","0","1","0","0","0","0","0","0","0","0","0","0","0","0","0","0","0","NA","NA","NA","NA","NA","NA","NA","NA","NA","NA","NA","NA","NA","NA","phytophagous-phyllophagous","Phytophagous"
"Sphingidae","Lepidoptera","Insecta","phytophagous","phyllophagous","Horren",NA,"0","1","0","0","0","0","1","0","0","0","0","0","0","0","0","0","0","0","0","0","0","0","NA","NA","NA","NA","NA","NA","NA","NA","NA","NA","NA","NA","NA","NA","phytophagous-phyllophagous","Phytophagous"
"Stathmopodidae","Lepidoptera","Insecta","phytophagous","phyllophagous","Horren",NA,"0","1","0","0","0","0","1","0","0","0","0","0","0","0","0","0","0","0","0","0","0","0","NA","NA","NA","NA","NA","NA","NA","NA","NA","NA","NA","NA","NA","NA","phytophagous-phyllophagous","Phytophagous"
"Tineidae","Lepidoptera","Insecta","mixed","mixed","Horren",NA,"0.1","0.1","0.8","0","0","0","0.3","0","0","0","0.1","0.3","0","0","0","0.3","0","0","0","0","1","0","NA","NA","NA","NA","NA","NA","NA","NA","NA","NA","NA","NA","NA","NA","multiple categories","Mulitple categories"
"Tortricidae","Lepidoptera","Insecta","phytophagous","mixed","Horren",NA,"0","1","0","0","0","0","0","0","0","0","0","0","0","0","0","1","0","0","0","0","0","0","NA","NA","NA","NA","NA","NA","NA","NA","NA","NA","NA","NA","NA","NA","phytophagous-multiple/other","Phytophagous"
"Eremiaphilidae","Mantodea","Insecta","zoophagous","predator","Borror","Based on Mantodea descriptions; Eremiaphilidae was part of Tarachodidae until recently; Not clear if Eremiaphilidae is present in North America.","NA","NA","NA","NA","NA","NA","NA","NA","NA","NA","NA","NA","NA","NA","NA","NA","NA","NA","NA","NA","NA","NA","NA","NA","NA","NA","NA","NA","NA","NA","NA","NA","NA","NA","NA","NA","zoophagous-predator","Predator"
"Mantidae","Mantodea","Insecta","zoophagous","predator","Horren","Note: Horren lists as ""micropredator"" but that is incorrect","1","0","0","0","0","0","0","0","0","0","0","0","0","0","0","0","0","0","1","0","0","0","NA","NA","NA","NA","NA","NA","NA","NA","NA","NA","NA","NA","NA","NA","zoophagous-predator","Predator"
"Chrysopidae","Neuroptera","Insecta","zoophagous","predator","Horren",NA,"1","0","0","0","0","0","0","0","0","0","0","0","0","0","0","0","1","0","0","0","0","0","NA","NA","NA","NA","NA","NA","NA","NA","NA","NA","NA","NA","NA","NA","zoophagous-predator","Predator"
"Coniopterygidae","Neuroptera","Insecta","zoophagous","predator","Horren",NA,"1","0","0","0","0","0","0","0","0","0","0","0","0","0","0","0","1","0","0","0","0","0","NA","NA","NA","NA","NA","NA","NA","NA","NA","NA","NA","NA","NA","NA","zoophagous-predator","Predator"
"Hemerobiidae","Neuroptera","Insecta","zoophagous","predator","Horren",NA,"1","0","0","0","0","0","0","0","0","0","0","0","0","0","0","0","1","0","0","0","0","0","NA","NA","NA","NA","NA","NA","NA","NA","NA","NA","NA","NA","NA","NA","zoophagous-predator","Predator"
"Mantispidae","Neuroptera","Insecta","zoophagous","parasitoid","Horren",NA,"1","0","0","0","0","0","0","0","0","0","0","0","0","0","0","0","0","1","0","0","0","0","NA","NA","NA","NA","NA","NA","NA","NA","NA","NA","NA","NA","NA","NA","zoophagous-parasite/parasitoid","Parasite/parasitoid"
"Nymphidae","Neuroptera","Insecta","zoophagous","predator","Haug et al. (2022)","doi.org/10.1007/s12542-021-00550-1 (but says they are restricted to Australasia)","NA","NA","NA","NA","NA","NA","NA","NA","NA","NA","NA","NA","NA","NA","NA","NA","NA","NA","NA","NA","NA","NA","NA","NA","NA","NA","NA","NA","NA","NA","NA","NA","NA","NA","NA","NA","zoophagous-predator","Predator"
"Coenagrionidae","Odonata","Insecta","zoophagous","predator","Horren",NA,"1","0","0","0","0","0","0","0","0","0","0","0","0","0","0","0","1","0","0","0","0","0","NA","NA","NA","NA","NA","NA","NA","NA","NA","NA","NA","NA","NA","NA","zoophagous-predator","Predator"
"Libellulidae","Odonata","Insecta","zoophagous","predator","Horren",NA,"1","0","0","0","0","0","0","0","0","0","0","0","0","0","0","0","1","0","0","0","0","0","NA","NA","NA","NA","NA","NA","NA","NA","NA","NA","NA","NA","NA","NA","zoophagous-predator","Predator"
"Acrididae","Orthoptera","Insecta","phytophagous","not specified","Horren",NA,"0","1","0","0","0","0","0","0","0","0","0","0","0","0","0","1","0","0","0","0","0","0","14","0","0","0","0","0","0","0","0","0","0","0","1","0","phytophagous-multiple/other","Phytophagous"
"Gryllidae","Orthoptera","Insecta","mixed","mixed","Horren",NA,"0.3","0.7","0","0","0","0","0","0","0","0","0","0","0","0","0.9","0.1","1","0","0","0","0","0","1","0","0","0","0","0","0","0","0","1","0","0","0","0","multiple categories","Mulitple categories"
"Rhaphidophoridae","Orthoptera","Insecta","mixed","mixed","Sigfrid Ingrisch, D.C.F. Rentz, in Encyclopedia of Insects (Second Edition), 2009",NA,"0.2","0","0.7","0.1","0","0","0","0","0","0","0","0","0","0","0","0","1","0","0","0","0","0","0","0","0","0","0","0","0","0","0","0","0","0","0","0","multiple categories","Mulitple categories"
"Tettigoniidae","Orthoptera","Insecta","mixed","mixed","Horren",NA,"0.6","0.4","0","0","0","0","0","0","0","0","0","0","0","0","0","1","1","0","0","0","0","0","7","0","1","0","0","0","1","0","0","0","0","0","0","1","multiple categories","Mulitple categories"
"Diapheromeridae","Phasmatodea","Insecta","phytophagous","phyllophagous","Borror","Based on description of Phasmatodea","NA","NA","NA","NA","NA","NA","NA","NA","NA","NA","NA","NA","NA","NA","NA","NA","NA","NA","NA","NA","NA","NA","NA","NA","NA","NA","NA","NA","NA","NA","NA","NA","NA","NA","NA","NA","phytophagous-phyllophagous","Phytophagous"
"Amphipsocidae","Psocoptera","Insecta","saprophagous","NA","Horren",NA,"0","0","0","0","1","0","0","0","0","0","0","0","0","0","0","0","0","0","0","0","0","0","NA","NA","NA","NA","NA","NA","NA","NA","NA","NA","NA","NA","NA","NA","detritophagous/scavenger","Scavenger"
"Caeciliusidae","Psocoptera","Insecta","saprophagous","NA","Horren",NA,"0","0","0","0","1","0","0","0","0","0","0","0","0","0","0","0","0","0","0","0","0","0","NA","NA","NA","NA","NA","NA","NA","NA","NA","NA","NA","NA","NA","NA","detritophagous/scavenger","Scavenger"
"Ectopsocidae","Psocoptera","Insecta","saprophagous","NA","Horren",NA,"0","0","0","0","1","0","0","0","0","0","0","0","0","0","0","0","0","0","0","0","0","0","NA","NA","NA","NA","NA","NA","NA","NA","NA","NA","NA","NA","NA","NA","detritophagous/scavenger","Scavenger"
"Lachesillidae","Psocoptera","Insecta","saprophagous","NA","Horren",NA,"0","0","0","0","1","0","0","0","0","0","0","0","0","0","0","0","0","0","0","0","0","0","NA","NA","NA","NA","NA","NA","NA","NA","NA","NA","NA","NA","NA","NA","detritophagous/scavenger","Scavenger"
"Lepidopsocidae","Psocoptera","Insecta","saprophagous","NA","Horren",NA,"0","0","0","0","1","0","0","0","0","0","0","0","0","0","0","0","0","0","0","0","0","0","NA","NA","NA","NA","NA","NA","NA","NA","NA","NA","NA","NA","NA","NA","detritophagous/scavenger","Scavenger"
"Myopsocidae","Psocoptera","Insecta","saprophagous","NA","Horen","Assumed saprophagous as Horen lists all others as such and Borror does not mention they are special; also they are closely related to Psocidae according to several sources","NA","NA","NA","NA","NA","NA","NA","NA","NA","NA","NA","NA","NA","NA","NA","NA","NA","NA","NA","NA","NA","NA","NA","NA","NA","NA","NA","NA","NA","NA","NA","NA","NA","NA","NA","NA","detritophagous/scavenger","Scavenger"
"Peripsocidae","Psocoptera","Insecta","saprophagous","NA","Horren",NA,"0","0","0","0","1","0","0","0","0","0","0","0","0","0","0","0","0","0","0","0","0","0","NA","NA","NA","NA","NA","NA","NA","NA","NA","NA","NA","NA","NA","NA","detritophagous/scavenger","Scavenger"
"Philotarsidae","Psocoptera","Insecta","saprophagous","NA","Horren",NA,"0","0","0","0","1","0","0","0","0","0","0","0","0","0","0","0","0","0","0","0","0","0","NA","NA","NA","NA","NA","NA","NA","NA","NA","NA","NA","NA","NA","NA","detritophagous/scavenger","Scavenger"
"Pseudocaeciliidae","Psocoptera","Insecta","saprophagous","NA","Horen","Assumed saprophagous as Horen lists all others as such and Borror does not mention they are special","NA","NA","NA","NA","NA","NA","NA","NA","NA","NA","NA","NA","NA","NA","NA","NA","NA","NA","NA","NA","NA","NA","NA","NA","NA","NA","NA","NA","NA","NA","NA","NA","NA","NA","NA","NA","detritophagous/scavenger","Scavenger"
"Psocidae","Psocoptera","Insecta","saprophagous","NA","Horren",NA,"0","0","0","0","1","0","0","0","0","0","0","0","0","0","0","0","0","0","0","0","0","0","NA","NA","NA","NA","NA","NA","NA","NA","NA","NA","NA","NA","NA","NA","detritophagous/scavenger","Scavenger"
"Ceratophyllidae","Siphonaptera","Insecta","zoophagous","micropredator","Horren",NA,"1","0","0","0","0","0","0","0","0","0","0","0","0","0","0","0","0","0","1","0","0","0","NA","NA","NA","NA","NA","NA","NA","NA","NA","NA","NA","NA","NA","NA","zoophagous-parasite/parasitoid","Parasite/parasitoid"
"Thripidae","Thysanoptera","Insecta","phytophagous","phyllophagous","Horren",NA,"0","1","0","0","0","0","1","0","0","0","0","0","0","0","0","0","0","0","0","0","0","0","NA","NA","NA","NA","NA","NA","NA","NA","NA","NA","NA","NA","NA","NA","phytophagous-phyllophagous","Phytophagous"
"Hydroptilidae","Trichoptera","Insecta","mixed","mixed","Horren",NA,"0.1","0.1","0.8","0","0","0","0","0","0","0","0","0","0","0","0","1","1","0","0","0","0","0","NA","NA","NA","NA","NA","NA","NA","NA","NA","NA","NA","NA","NA","NA","multiple categories","Mulitple categories"
"Leptoceridae","Trichoptera","Insecta","mixed","mixed","Horren",NA,"0.1","0.3","0.6","0","0","0","0","0","0","0","0","0","0","0","0","1","1","0","0","0","0","0","NA","NA","NA","NA","NA","NA","NA","NA","NA","NA","NA","NA","NA","NA","multiple categories","Mulitple categories"
"Limnephilidae","Trichoptera","Insecta","mixed","not specified","Horren",NA,"0","0.4","0.6","0","0","0","0","0","0","0","0","0","0","0","0","1","0","0","0","0","0","0","NA","NA","NA","NA","NA","NA","NA","NA","NA","NA","NA","NA","NA","NA","multiple categories","Mulitple categories"
"Blattellidae","Blattodea","Insecta","mixed","not specified","Horren",NA,"0","0.5","0.5","0","0","0","0","0","0","0","0","0","0","0","0","1","0","0","0","0","0","0",NA,NA,NA,NA,NA,NA,NA,NA,NA,NA,NA,NA,NA,NA,"multiple categories","Mulitple categories"
"Rhinophoridae","Diptera","Insecta","zoophagous","parasitoid","Horren",NA,"1","0","0","0","0","0","0","0","0","0","0","0","0","0","0","0","0","1","0","0","0","0",NA,NA,NA,NA,NA,NA,NA,NA,NA,NA,NA,NA,NA,NA,"zoophagous-parasite/parasitoid","Parasite/parasitoid"
"Ptinidae","Coleoptera","Insecta","phytophagous","phyllophagous","Horren",NA,"0","1","0","0","0","0","1","0","0","0","0","0","0","0","0","0","0","0","0","0","0","0",NA,NA,NA,NA,NA,NA,NA,NA,NA,NA,NA,NA,NA,NA,"phytophagous-phyllophagous","Phytophagous"
"Cyclopidae","Cyclopoida","Insecta","zoophagous","predator","Article","https://link.springer.com/chapter/10.1007/1-4020-4408-9_49#:~:text=Most%20copepod%20species%2C%20at%20least,from%20protozoans%20to%20small%20cladocerans.",NA,NA,NA,NA,NA,NA,NA,NA,NA,NA,NA,NA,NA,NA,NA,NA,NA,NA,NA,NA,NA,NA,NA,NA,NA,NA,NA,NA,NA,NA,NA,NA,NA,NA,NA,NA,"zoophagous-predator","Predator"
"Philopteridae","Phthiraptera","Insecta","zoophagous","parasite","Horren",NA,"1","0","0","0","0","0","0","0","0","0","0","0","0","0","0","0","0","0","0","1","0","0",NA,NA,NA,NA,NA,NA,NA,NA,NA,NA,NA,NA,NA,NA,"zoophagous-parasite/parasitoid","Parasite/parasitoid"
"Gryllacrididae","Orthoptera","Insecta","zoophagous","predator","Borror & Delong","eats aphids",NA,NA,NA,NA,NA,NA,NA,NA,NA,NA,NA,NA,NA,NA,NA,NA,NA,NA,NA,NA,NA,NA,NA,NA,NA,NA,NA,NA,NA,NA,NA,NA,NA,NA,NA,NA,"zoophagous-predator","Predator"
"Sclerosomatidae","Opiliones","Arachnida","mixed","mixed","Milne&Milne","eats small inverts & decaying fungi/plants",NA,NA,NA,NA,NA,NA,NA,NA,NA,NA,NA,NA,NA,NA,NA,NA,NA,NA,NA,NA,NA,NA,NA,NA,NA,NA,NA,NA,NA,NA,NA,NA,NA,NA,NA,NA,"multiple categories","Mulitple categories"
"Nabidae","Hemiptera","Insecta","zoophagous","predator","Horren",NA,NA,NA,NA,NA,NA,NA,NA,NA,NA,NA,NA,NA,NA,NA,NA,NA,NA,NA,NA,NA,NA,NA,NA,NA,NA,NA,NA,NA,NA,NA,NA,NA,NA,NA,NA,NA,"zoophagous-predator","Predator"
"Geocoridae","Hemiptera","Insecta","zoophagous","predator","Horren",NA,NA,NA,NA,NA,NA,NA,NA,NA,NA,NA,NA,NA,NA,NA,NA,NA,NA,NA,NA,NA,NA,NA,NA,NA,NA,NA,NA,NA,NA,NA,NA,NA,NA,NA,NA,NA,"zoophagous-predator","Predator"
"Oestridae","Diptera","Insecta","zoophagous","parasite","Horren",NA,NA,NA,NA,NA,NA,NA,NA,NA,NA,NA,NA,NA,NA,NA,NA,NA,NA,NA,NA,NA,NA,NA,NA,NA,NA,NA,NA,NA,NA,NA,NA,NA,NA,NA,NA,NA,"zoophagous-parasite/parasitoid","Parasite/parasitoid"
"Corydalidae","Megaloptera","Insecta","zoophagous","predator","Borror & Delong",NA,NA,NA,NA,NA,NA,NA,NA,NA,NA,NA,NA,NA,NA,NA,NA,NA,NA,NA,NA,NA,NA,NA,NA,NA,NA,NA,NA,NA,NA,NA,NA,NA,NA,NA,NA,NA,"zoophagous-predator","Predator"
"Forficulidae","Dermaptera","Insecta","mixed","mixed","Horren",NA,NA,NA,NA,NA,NA,NA,NA,NA,NA,NA,NA,NA,NA,NA,NA,NA,NA,NA,NA,NA,NA,NA,NA,NA,NA,NA,NA,NA,NA,NA,NA,NA,NA,NA,NA,NA,"multiple categories","Mulitple categories"
"Hypogastruridae","Poduromorpha","Collembola","mixed","NA","Velazco et al. (2022)","""mainly associated with saprophytic fungi (119 species), followed in importance by bacteria, litter and humus."" doi.org/10.1101/2021.02.06.430",NA,NA,NA,NA,NA,NA,NA,NA,NA,NA,NA,NA,NA,NA,NA,NA,NA,NA,NA,NA,NA,NA,NA,NA,NA,NA,NA,NA,NA,NA,NA,NA,NA,NA,NA,NA,"multiple categories","Mulitple categories"
"Cydnidae","Hemiptera","Insecta","phytophagous","sap sucking","Horren",NA,NA,NA,NA,NA,NA,NA,NA,NA,NA,NA,NA,NA,NA,NA,NA,NA,NA,NA,NA,NA,NA,NA,NA,NA,NA,NA,NA,NA,NA,NA,NA,NA,NA,NA,NA,NA,"phytophagous-sap sucking","Phytophagous"
"Argidae","Hymenoptera","Insecta","phytophagous","phyllophagous","Horren",NA,NA,NA,NA,NA,NA,NA,NA,NA,NA,NA,NA,NA,NA,NA,NA,NA,NA,NA,NA,NA,NA,NA,NA,NA,NA,NA,NA,NA,NA,NA,NA,NA,NA,NA,NA,NA,"phytophagous-phyllophagous","Phytophagous"
"Coelopidae","Diptera","Insecta","mixed","not specified","Horren",NA,NA,NA,NA,NA,NA,NA,NA,NA,NA,NA,NA,NA,NA,NA,NA,NA,NA,NA,NA,NA,NA,NA,NA,NA,NA,NA,NA,NA,NA,NA,NA,NA,NA,NA,NA,NA,"multiple categories","Mulitple categories"
"Bdellidae","Trombidiformes","Arachnida","zoophagous","predator","Article","https://www.cabdirect.org/cabdirect/abstract/20133230982",NA,NA,NA,NA,NA,NA,NA,NA,NA,NA,NA,NA,NA,NA,NA,NA,NA,NA,NA,NA,NA,NA,NA,NA,NA,NA,NA,NA,NA,NA,NA,NA,NA,NA,NA,NA,"zoophagous-predator","Predator"
"Phenopelopidae","Sarcoptiformes","Arachnida","mixed","NA","Velazco et al. (2022)","""the order Sarcoptiformes (Acari) consumes mainly saprophytic fungi, bacteria, litter, plant tissues, and Mycorrhizal fungi"" doi.org/10.1101/2021.02.06.430061",NA,NA,NA,NA,NA,NA,NA,NA,NA,NA,NA,NA,NA,NA,NA,NA,NA,NA,NA,NA,NA,NA,NA,NA,NA,NA,NA,NA,NA,NA,NA,NA,NA,NA,NA,NA,"multiple categories","Mulitple categories"
"Coleophoridae","Lepidoptera","Insecta","phytophagous","mixed","Horren",NA,NA,NA,NA,NA,NA,NA,NA,NA,NA,NA,NA,NA,NA,NA,NA,NA,NA,NA,NA,NA,NA,NA,NA,NA,NA,NA,NA,NA,NA,NA,NA,NA,NA,NA,NA,NA,"phytophagous-multiple/other","Phytophagous"
"Anthomyiidae","Diptera","Insecta","mixed","NA","Horren",NA,NA,NA,NA,NA,NA,NA,NA,NA,NA,NA,NA,NA,NA,NA,NA,NA,NA,NA,NA,NA,NA,NA,NA,NA,NA,NA,NA,NA,NA,NA,NA,NA,NA,NA,NA,NA,"multiple categories","Mulitple categories"
"Isotomidae","Entomobryomorpha","Collembola","mixed","NA","Velazco et al. (2022)","""mainly associated with saprophytic fungi (119 species), followed in importance by bacteria, litter and humus."" doi.org/10.1101/2021.02.06.430",NA,NA,NA,NA,NA,NA,NA,NA,NA,NA,NA,NA,NA,NA,NA,NA,NA,NA,NA,NA,NA,NA,NA,NA,NA,NA,NA,NA,NA,NA,NA,NA,NA,NA,NA,NA,"multiple categories","Mulitple categories"
"Lonchopteridae","Diptera","Insecta","detritophagous","NA","Horren","90% sapro/mycet/copro",NA,NA,NA,NA,NA,NA,NA,NA,NA,NA,NA,NA,NA,NA,NA,NA,NA,NA,NA,NA,NA,NA,NA,NA,NA,NA,NA,NA,NA,NA,NA,NA,NA,NA,NA,NA,"detritophagous/scavenger","Scavenger"
"Sciomyzidae","Diptera","Insecta","zoophagous","mixed","Horren",".4 predator, .2 parasitoid/necrophorous/not specified",NA,NA,NA,NA,NA,NA,NA,NA,NA,NA,NA,NA,NA,NA,NA,NA,NA,NA,NA,NA,NA,NA,NA,NA,NA,NA,NA,NA,NA,NA,NA,NA,NA,NA,NA,NA,"zoophagous-mixed","Predator"
"Phytoseiidae","Mesostigmata","Arachnida","zoophagous","predator","bugguide.net","""Predatceous on other mites""",NA,NA,NA,NA,NA,NA,NA,NA,NA,NA,NA,NA,NA,NA,NA,NA,NA,NA,NA,NA,NA,NA,NA,NA,NA,NA,NA,NA,NA,NA,NA,NA,NA,NA,NA,NA,"zoophagous-predator","Predator"
"Depressariidae","Lepidoptera","Insecta","mixed","NA","Horren","info based on Oecophoridae, which is a synonym according to Borror & White",NA,"0.8","0.2",NA,NA,NA,NA,NA,NA,NA,NA,NA,NA,NA,NA,NA,NA,NA,NA,NA,NA,NA,NA,NA,NA,NA,NA,NA,NA,NA,NA,NA,NA,NA,NA,NA,"multiple categories","Mulitple categories"
"Lauxaniidae","Diptera","Insecta","phytophagous","mixed","Horren",NA,NA,NA,NA,NA,NA,NA,NA,NA,NA,NA,NA,NA,NA,NA,NA,NA,NA,NA,NA,NA,NA,NA,NA,NA,NA,NA,NA,NA,NA,NA,NA,NA,NA,NA,NA,NA,"phytophagous-multiple/other","Phytophagous"
