"db","finaltax","species","genus","family","order","class","phylum","kingdom"
"ncbi","Aaroniella badonneli","Aaroniella badonneli","Aaroniella","Philotarsidae","Psocoptera","Insecta","Arthropoda","Metazoa"
"ncbi","Abacidus permundus","Abacidus permundus","Abacidus","Carabidae","Coleoptera","Insecta","Arthropoda","Metazoa"
"ncbi","Ablabesmyia aspera","Ablabesmyia aspera","Ablabesmyia","Chironomidae","Diptera","Insecta","Arthropoda","Metazoa"
"ncbi","Acalyptratae",NA,NA,NA,"Diptera","Insecta","Arthropoda","Metazoa"
"ncbi","Achipteria coleoptrata","Achipteria coleoptrata","Achipteria","Achipteriidae","Sarcoptiformes","Arachnida","Arthropoda","Metazoa"
"ncbi","Achradocera arcuata","Achradocera arcuata","Achradocera","Dolichopodidae","Diptera","Insecta","Arthropoda","Metazoa"
"ncbi","Acordulecera dorsalis","Acordulecera dorsalis","Acordulecera","Pergidae","Hymenoptera","Insecta","Arthropoda","Metazoa"
"ncbi","Acrididae",NA,NA,"Acrididae","Orthoptera","Insecta","Arthropoda","Metazoa"
"ncbi","Acridomorpha",NA,NA,NA,"Orthoptera","Insecta","Arthropoda","Metazoa"
"ncbi","Acroceridae",NA,NA,"Acroceridae","Diptera","Insecta","Arthropoda","Metazoa"
"ncbi","Acronicta oblinita","Acronicta oblinita","Acronicta","Noctuidae","Lepidoptera","Insecta","Arthropoda","Metazoa"
"ncbi","Acrosternum hilare","Acrosternum hilare","Acrosternum","Pentatomidae","Hemiptera","Insecta","Arthropoda","Metazoa"
"ncbi","Acylomus",NA,"Acylomus","Phalacridae","Coleoptera","Insecta","Arthropoda","Metazoa"
"ncbi","Adelges tsugae","Adelges tsugae","Adelges","Adelgidae","Hemiptera","Insecta","Arthropoda","Metazoa"
"ncbi","Adephaga",NA,NA,NA,"Coleoptera","Insecta","Arthropoda","Metazoa"
"ncbi","Aedes vexans","Aedes vexans","Aedes","Culicidae","Diptera","Insecta","Arthropoda","Metazoa"
"ncbi","Aedini",NA,NA,"Culicidae","Diptera","Insecta","Arthropoda","Metazoa"
"ncbi","Aegomorphus morrisi","Aegomorphus morrisi","Aegomorphus","Cerambycidae","Coleoptera","Insecta","Arthropoda","Metazoa"
"ncbi","Aethes promptana","Aethes promptana","Aethes","Tortricidae","Lepidoptera","Insecta","Arthropoda","Metazoa"
"ncbi","Agrotis",NA,"Agrotis","Noctuidae","Lepidoptera","Insecta","Arthropoda","Metazoa"
"ncbi","Ahasverus advena","Ahasverus advena","Ahasverus","Silvanidae","Coleoptera","Insecta","Arthropoda","Metazoa"
"ncbi","Alaptus",NA,"Alaptus","Mymaridae","Hymenoptera","Insecta","Arthropoda","Metazoa"
"ncbi","Aleochara",NA,"Aleochara","Staphylinidae","Coleoptera","Insecta","Arthropoda","Metazoa"
"ncbi","Aleocharinae",NA,NA,"Staphylinidae","Coleoptera","Insecta","Arthropoda","Metazoa"
"ncbi","Allonemobius",NA,"Allonemobius","Gryllidae","Orthoptera","Insecta","Arthropoda","Metazoa"
"ncbi","Allonemobius fasciatus","Allonemobius fasciatus","Allonemobius","Gryllidae","Orthoptera","Insecta","Arthropoda","Metazoa"
"ncbi","Allonemobius socius","Allonemobius socius","Allonemobius","Gryllidae","Orthoptera","Insecta","Arthropoda","Metazoa"
"ncbi","Allotria elonympha","Allotria elonympha","Allotria","Erebidae","Lepidoptera","Insecta","Arthropoda","Metazoa"
"ncbi","Alluaudomyia",NA,"Alluaudomyia","Ceratopogonidae","Diptera","Insecta","Arthropoda","Metazoa"
"ncbi","Alphitobius diaperinus","Alphitobius diaperinus","Alphitobius","Tenebrionidae","Coleoptera","Insecta","Arthropoda","Metazoa"
"ncbi","Alticini",NA,NA,"Chrysomelidae","Coleoptera","Insecta","Arthropoda","Metazoa"
"ncbi","Amara",NA,"Amara","Carabidae","Coleoptera","Insecta","Arthropoda","Metazoa"
"ncbi","Amara ovata","Amara ovata","Amara","Carabidae","Coleoptera","Insecta","Arthropoda","Metazoa"
"ncbi","Amara rubrica","Amara rubrica","Amara","Carabidae","Coleoptera","Insecta","Arthropoda","Metazoa"
"ncbi","Amblycerini",NA,NA,"Chrysomelidae","Coleoptera","Insecta","Arthropoda","Metazoa"
"ncbi","Anaceratagallia",NA,"Anaceratagallia","Cicadellidae","Hemiptera","Insecta","Arthropoda","Metazoa"
"ncbi","Anavitrinella",NA,"Anavitrinella","Geometridae","Lepidoptera","Insecta","Arthropoda","Metazoa"
"ncbi","Anavitrinella pampinaria","Anavitrinella pampinaria","Anavitrinella","Geometridae","Lepidoptera","Insecta","Arthropoda","Metazoa"
"ncbi","Anaxipha",NA,"Anaxipha","Gryllidae","Orthoptera","Insecta","Arthropoda","Metazoa"
"ncbi","Andrion regensteinense","Andrion regensteinense","Andrion","Curculionidae","Coleoptera","Insecta","Arthropoda","Metazoa"
"ncbi","Anevrina thoracica","Anevrina thoracica","Anevrina","Phoridae","Diptera","Insecta","Arthropoda","Metazoa"
"ncbi","Anicla",NA,"Anicla","Noctuidae","Lepidoptera","Insecta","Arthropoda","Metazoa"
"ncbi","Anicla illapsa","Anicla illapsa","Anicla","Noctuidae","Lepidoptera","Insecta","Arthropoda","Metazoa"
"ncbi","Anisota",NA,"Anisota","Saturniidae","Lepidoptera","Insecta","Arthropoda","Metazoa"
"ncbi","Anomopsocus amabilis","Anomopsocus amabilis","Anomopsocus","Lachesillidae","Psocoptera","Insecta","Arthropoda","Metazoa"
"ncbi","Anopheles quadrimaculatus","Anopheles quadrimaculatus","Anopheles","Culicidae","Diptera","Insecta","Arthropoda","Metazoa"
"ncbi","Antaeotricha schlaegeri","Antaeotricha schlaegeri","Antaeotricha","Depressariidae","Lepidoptera","Insecta","Arthropoda","Metazoa"
"ncbi","Antheraea polyphemus","Antheraea polyphemus","Antheraea","Saturniidae","Lepidoptera","Insecta","Arthropoda","Metazoa"
"ncbi","Apallates",NA,"Apallates","Chloropidae","Diptera","Insecta","Arthropoda","Metazoa"
"ncbi","Apallates neocoxendix","Apallates neocoxendix","Apallates","Chloropidae","Diptera","Insecta","Arthropoda","Metazoa"
"ncbi","Aphelinidae",NA,NA,"Aphelinidae","Hymenoptera","Insecta","Arthropoda","Metazoa"
"ncbi","Aphelinus",NA,"Aphelinus","Aphelinidae","Hymenoptera","Insecta","Arthropoda","Metazoa"
"ncbi","Aphidiinae",NA,NA,"Braconidae","Hymenoptera","Insecta","Arthropoda","Metazoa"
"ncbi","Aphidoidea",NA,NA,NA,"Hemiptera","Insecta","Arthropoda","Metazoa"
"ncbi","Aphidomorpha",NA,NA,NA,"Hemiptera","Insecta","Arthropoda","Metazoa"
"ncbi","Aphis craccivora","Aphis craccivora","Aphis","Aphididae","Hemiptera","Insecta","Arthropoda","Metazoa"
"ncbi","Aphytis melinus","Aphytis melinus","Aphytis","Aphelinidae","Hymenoptera","Insecta","Arthropoda","Metazoa"
"ncbi","Apidae",NA,NA,"Apidae","Hymenoptera","Insecta","Arthropoda","Metazoa"
"ncbi","Apionidae",NA,NA,"Apionidae","Coleoptera","Insecta","Arthropoda","Metazoa"
"ncbi","Apocrita",NA,NA,NA,"Hymenoptera","Insecta","Arthropoda","Metazoa"
"ncbi","Arctiinae",NA,NA,"Erebidae","Lepidoptera","Insecta","Arthropoda","Metazoa"
"ncbi","Arge",NA,"Arge","Argidae","Hymenoptera","Insecta","Arthropoda","Metazoa"
"ncbi","Argyrotaenia velutinana","Argyrotaenia velutinana","Argyrotaenia","Tortricidae","Lepidoptera","Insecta","Arthropoda","Metazoa"
"ncbi","Aroga trialbamaculella","Aroga trialbamaculella","Aroga","Gelechiidae","Lepidoptera","Insecta","Arthropoda","Metazoa"
"ncbi","Arthropoda",NA,NA,NA,NA,NA,"Arthropoda","Metazoa"
"ncbi","Asiablatta kyotensis","Asiablatta kyotensis","Asiablatta","Blattellidae","Blattodea","Insecta","Arthropoda","Metazoa"
"ncbi","Asilinae",NA,NA,"Asilidae","Diptera","Insecta","Arthropoda","Metazoa"
"ncbi","Astigmata",NA,NA,NA,"Sarcoptiformes","Arachnida","Arthropoda","Metazoa"
"ncbi","Atherigona",NA,"Atherigona","Muscidae","Diptera","Insecta","Arthropoda","Metazoa"
"ncbi","Atherigona reversura","Atherigona reversura","Atherigona","Muscidae","Diptera","Insecta","Arthropoda","Metazoa"
"ncbi","Athetini",NA,NA,"Staphylinidae","Coleoptera","Insecta","Arthropoda","Metazoa"
"ncbi","Athripsodes albifrons","Athripsodes albifrons","Athripsodes","Leptoceridae","Trichoptera","Insecta","Arthropoda","Metazoa"
"ncbi","Atrichonotus taeniatulus","Atrichonotus taeniatulus","Atrichonotus","Curculionidae","Coleoptera","Insecta","Arthropoda","Metazoa"
"ncbi","Atrichopogon levis","Atrichopogon levis","Atrichopogon","Ceratopogonidae","Diptera","Insecta","Arthropoda","Metazoa"
"ncbi","Atrichopogon lucorum","Atrichopogon lucorum","Atrichopogon","Ceratopogonidae","Diptera","Insecta","Arthropoda","Metazoa"
"ncbi","Atrichopogon winnertzi","Atrichopogon winnertzi","Atrichopogon","Ceratopogonidae","Diptera","Insecta","Arthropoda","Metazoa"
"ncbi","Attalus pallifrons","Attalus pallifrons","Attalus","Melyridae","Coleoptera","Insecta","Arthropoda","Metazoa"
"ncbi","Autographa precationis","Autographa precationis","Autographa","Noctuidae","Lepidoptera","Insecta","Arthropoda","Metazoa"
"ncbi","Baetidae",NA,NA,"Baetidae","Ephemeroptera","Insecta","Arthropoda","Metazoa"
"ncbi","Baetis",NA,"Baetis","Baetidae","Ephemeroptera","Insecta","Arthropoda","Metazoa"
"ncbi","Bdellidae",NA,NA,"Bdellidae","Trombidiformes","Arachnida","Arthropoda","Metazoa"
"ncbi","Blaberoidea",NA,NA,NA,"Blattodea","Insecta","Arthropoda","Metazoa"
"ncbi","Blaste quieta","Blaste quieta","Blaste","Psocidae","Psocoptera","Insecta","Arthropoda","Metazoa"
"ncbi","Blatta orientalis","Blatta orientalis","Blatta","Blattidae","Blattodea","Insecta","Arthropoda","Metazoa"
"ncbi","Blattellidae",NA,NA,"Blattellidae","Blattodea","Insecta","Arthropoda","Metazoa"
"ncbi","Blattodea",NA,NA,NA,"Blattodea","Insecta","Arthropoda","Metazoa"
"ncbi","Bombycoidea",NA,NA,NA,"Lepidoptera","Insecta","Arthropoda","Metazoa"
"ncbi","Bos taurus","Bos taurus","Bos","Bovidae","Artiodactyla","Mammalia","Chordata","Metazoa"
"ncbi","Brachycera",NA,NA,NA,"Diptera","Insecta","Arthropoda","Metazoa"
"ncbi","Brachychthoniidae",NA,NA,"Brachychthoniidae","Sarcoptiformes","Arachnida","Arthropoda","Metazoa"
"ncbi","Braconidae",NA,NA,"Braconidae","Hymenoptera","Insecta","Arthropoda","Metazoa"
"ncbi","Bradysia",NA,"Bradysia","Sciaridae","Diptera","Insecta","Arthropoda","Metazoa"
"ncbi","Bradysia lapponica","Bradysia lapponica","Bradysia","Sciaridae","Diptera","Insecta","Arthropoda","Metazoa"
"ncbi","Bradysia trivittata","Bradysia trivittata","Bradysia","Sciaridae","Diptera","Insecta","Arthropoda","Metazoa"
"ncbi","Bradysia vernalis","Bradysia vernalis","Bradysia","Sciaridae","Diptera","Insecta","Arthropoda","Metazoa"
"ncbi","Bruchini",NA,NA,"Chrysomelidae","Coleoptera","Insecta","Arthropoda","Metazoa"
"ncbi","Bucculatrix",NA,"Bucculatrix","Bucculatricidae","Lepidoptera","Insecta","Arthropoda","Metazoa"
"ncbi","Bucculatrix argentisignella","Bucculatrix argentisignella","Bucculatrix","Bucculatricidae","Lepidoptera","Insecta","Arthropoda","Metazoa"
"ncbi","Bucculatrix canadensisella","Bucculatrix canadensisella","Bucculatrix","Bucculatricidae","Lepidoptera","Insecta","Arthropoda","Metazoa"
"ncbi","Bucculatrix coronatella","Bucculatrix coronatella","Bucculatrix","Bucculatricidae","Lepidoptera","Insecta","Arthropoda","Metazoa"
"ncbi","Bucculatrix trifasciella","Bucculatrix trifasciella","Bucculatrix","Bucculatricidae","Lepidoptera","Insecta","Arthropoda","Metazoa"
"ncbi","Busseola segeta","Busseola segeta","Busseola","Noctuidae","Lepidoptera","Insecta","Arthropoda","Metazoa"
"ncbi","Byrrhoidea",NA,NA,NA,"Coleoptera","Insecta","Arthropoda","Metazoa"
"ncbi","Caeciliusetae",NA,NA,NA,"Psocoptera","Insecta","Arthropoda","Metazoa"
"ncbi","Caenidae",NA,NA,"Caenidae","Ephemeroptera","Insecta","Arthropoda","Metazoa"
"ncbi","Caenurgina crassiuscula","Caenurgina crassiuscula","Caenurgina","Erebidae","Lepidoptera","Insecta","Arthropoda","Metazoa"
"ncbi","Calathus opaculus","Calathus opaculus","Calathus","Carabidae","Coleoptera","Insecta","Arthropoda","Metazoa"
"ncbi","Callibaetis ferrugineus hageni","Callibaetis ferrugineus","Callibaetis","Baetidae","Ephemeroptera","Insecta","Arthropoda","Metazoa"
"ncbi","Callimorpha",NA,"Callimorpha","Erebidae","Lepidoptera","Insecta","Arthropoda","Metazoa"
"ncbi","Caloptilia rhoifoliella","Caloptilia rhoifoliella","Caloptilia","Gracillariidae","Lepidoptera","Insecta","Arthropoda","Metazoa"
"ncbi","Caloptilia theivora","Caloptilia theivora","Caloptilia","Gracillariidae","Lepidoptera","Insecta","Arthropoda","Metazoa"
"ncbi","Calyptratae",NA,NA,NA,"Diptera","Insecta","Arthropoda","Metazoa"
"ncbi","Camponotus",NA,"Camponotus","Formicidae","Hymenoptera","Insecta","Arthropoda","Metazoa"
"ncbi","Camptomyia",NA,"Camptomyia","Cecidomyiidae","Diptera","Insecta","Arthropoda","Metazoa"
"ncbi","Camptonotus carolinensis","Camptonotus carolinensis","Camptonotus","Gryllacrididae","Orthoptera","Insecta","Arthropoda","Metazoa"
"ncbi","Canifa pusilla","Canifa pusilla","Canifa","Scraptiidae","Coleoptera","Insecta","Arthropoda","Metazoa"
"ncbi","Canis lupus","Canis lupus","Canis","Canidae","Carnivora","Mammalia","Chordata","Metazoa"
"ncbi","Capra",NA,"Capra","Bovidae","Artiodactyla","Mammalia","Chordata","Metazoa"
"ncbi","Caprinae",NA,NA,"Bovidae","Artiodactyla","Mammalia","Chordata","Metazoa"
"ncbi","Carabidae",NA,NA,"Carabidae","Coleoptera","Insecta","Arthropoda","Metazoa"
"ncbi","Carabinae",NA,NA,"Carabidae","Coleoptera","Insecta","Arthropoda","Metazoa"
"ncbi","Carpelimus fuliginosus","Carpelimus fuliginosus","Carpelimus","Staphylinidae","Coleoptera","Insecta","Arthropoda","Metazoa"
"ncbi","Carpophilus",NA,"Carpophilus","Nitidulidae","Coleoptera","Insecta","Arthropoda","Metazoa"
"ncbi","Carpophilus ",NA,"Carpophilus","Nitidulidae","Coleoptera","Insecta","Arthropoda","Metazoa"
"ncbi","Catocala",NA,"Catocala","Erebidae","Lepidoptera","Insecta","Arthropoda","Metazoa"
"ncbi","Cecidomyiidae",NA,NA,"Cecidomyiidae","Diptera","Insecta","Arthropoda","Metazoa"
"ncbi","Cecidomyiinae",NA,NA,"Cecidomyiidae","Diptera","Insecta","Arthropoda","Metazoa"
"ncbi","Centricnemus leucogrammus","Centricnemus leucogrammus","Centricnemus","Curculionidae","Coleoptera","Insecta","Arthropoda","Metazoa"
"ncbi","Ceracia dentata","Ceracia dentata","Ceracia","Tachinidae","Diptera","Insecta","Arthropoda","Metazoa"
"ncbi","Cerastipsocus trifasciatus","Cerastipsocus trifasciatus","Cerastipsocus","Psocidae","Psocoptera","Insecta","Arthropoda","Metazoa"
"ncbi","Ceratomia catalpae","Ceratomia catalpae","Ceratomia","Sphingidae","Lepidoptera","Insecta","Arthropoda","Metazoa"
"ncbi","Ceratophyllidae",NA,NA,"Ceratophyllidae","Siphonaptera","Insecta","Arthropoda","Metazoa"
"ncbi","Ceratopogonidae",NA,NA,"Ceratopogonidae","Diptera","Insecta","Arthropoda","Metazoa"
"ncbi","Cerodontha",NA,"Cerodontha","Agromyzidae","Diptera","Insecta","Arthropoda","Metazoa"
"ncbi","Ceuthophilus",NA,"Ceuthophilus","Rhaphidophoridae","Orthoptera","Insecta","Arthropoda","Metazoa"
"ncbi","Chaetocnema confinis","Chaetocnema confinis","Chaetocnema","Chrysomelidae","Coleoptera","Insecta","Arthropoda","Metazoa"
"ncbi","Chaetocnema denticulata","Chaetocnema denticulata","Chaetocnema","Chrysomelidae","Coleoptera","Insecta","Arthropoda","Metazoa"
"ncbi","Chaetopsis fulvifrons","Chaetopsis fulvifrons","Chaetopsis","Ulidiidae","Diptera","Insecta","Arthropoda","Metazoa"
"ncbi","Chalcidoidea",NA,NA,NA,"Hymenoptera","Insecta","Arthropoda","Metazoa"
"ncbi","Chaoborus punctipennis","Chaoborus punctipennis","Chaoborus","Chaoboridae","Diptera","Insecta","Arthropoda","Metazoa"
"ncbi","Chauliodinae",NA,NA,"Corydalidae","Megaloptera","Insecta","Arthropoda","Metazoa"
"ncbi","Chauliognathus",NA,"Chauliognathus","Cantharidae","Coleoptera","Insecta","Arthropoda","Metazoa"
"ncbi","Chionodes mediofuscella","Chionodes mediofuscella","Chionodes","Gelechiidae","Lepidoptera","Insecta","Arthropoda","Metazoa"
"ncbi","Chironomidae",NA,NA,"Chironomidae","Diptera","Insecta","Arthropoda","Metazoa"
"ncbi","Chironominae",NA,NA,"Chironomidae","Diptera","Insecta","Arthropoda","Metazoa"
"ncbi","Chironomini",NA,NA,"Chironomidae","Diptera","Insecta","Arthropoda","Metazoa"
"ncbi","Chloropidae",NA,NA,"Chloropidae","Diptera","Insecta","Arthropoda","Metazoa"
"ncbi","Chouioia cunea","Chouioia cunea","Chouioia","Eulophidae","Hymenoptera","Insecta","Arthropoda","Metazoa"
"ncbi","Chrysis",NA,"Chrysis","Chrysididae","Hymenoptera","Insecta","Arthropoda","Metazoa"
"ncbi","Chrysobothris affinis","Chrysobothris affinis","Chrysobothris","Buprestidae","Coleoptera","Insecta","Arthropoda","Metazoa"
"ncbi","Chrysobothris femorata","Chrysobothris femorata","Chrysobothris","Buprestidae","Coleoptera","Insecta","Arthropoda","Metazoa"
"ncbi","Chrysobothris rugosiceps","Chrysobothris rugosiceps","Chrysobothris","Buprestidae","Coleoptera","Insecta","Arthropoda","Metazoa"
"ncbi","Chrysomelidae",NA,NA,"Chrysomelidae","Coleoptera","Insecta","Arthropoda","Metazoa"
"ncbi","Chrysomya megacephala","Chrysomya megacephala","Chrysomya","Calliphoridae","Diptera","Insecta","Arthropoda","Metazoa"
"ncbi","Chrysoperla",NA,"Chrysoperla","Chrysopidae","Neuroptera","Insecta","Arthropoda","Metazoa"
"ncbi","Chrysoperla rufilabris","Chrysoperla rufilabris","Chrysoperla","Chrysopidae","Neuroptera","Insecta","Arthropoda","Metazoa"
"ncbi","Chrysopinae",NA,NA,"Chrysopidae","Neuroptera","Insecta","Arthropoda","Metazoa"
"ncbi","Chrysotus pulchellus","Chrysotus pulchellus","Chrysotus","Dolichopodidae","Diptera","Insecta","Arthropoda","Metazoa"
"ncbi","Chymomyza",NA,"Chymomyza","Drosophilidae","Diptera","Insecta","Arthropoda","Metazoa"
"ncbi","Chytolita morbidalis","Chytolita morbidalis","Chytolita","Erebidae","Lepidoptera","Insecta","Arthropoda","Metazoa"
"ncbi","Cicadellidae",NA,NA,"Cicadellidae","Hemiptera","Insecta","Arthropoda","Metazoa"
"ncbi","Cinara",NA,"Cinara","Aphididae","Hemiptera","Insecta","Arthropoda","Metazoa"
"ncbi","Cinara dubia","Cinara dubia","Cinara","Aphididae","Hemiptera","Insecta","Arthropoda","Metazoa"
"ncbi","Cinara pinivora","Cinara pinivora","Cinara","Aphididae","Hemiptera","Insecta","Arthropoda","Metazoa"
"ncbi","Cinara watsoni","Cinara watsoni","Cinara","Aphididae","Hemiptera","Insecta","Arthropoda","Metazoa"
"ncbi","Cisseps fulvicollis","Cisseps fulvicollis","Cisseps","Erebidae","Lepidoptera","Insecta","Arthropoda","Metazoa"
"ncbi","Cisthene packardii","Cisthene packardii","Cisthene","Erebidae","Lepidoptera","Insecta","Arthropoda","Metazoa"
"ncbi","Cladopelma viridulum","Cladopelma viridulum","Cladopelma","Chironomidae","Diptera","Insecta","Arthropoda","Metazoa"
"ncbi","Cleridae",NA,NA,"Cleridae","Coleoptera","Insecta","Arthropoda","Metazoa"
"ncbi","Cleroidea",NA,NA,NA,"Coleoptera","Insecta","Arthropoda","Metazoa"
"ncbi","Clogmia albipunctata","Clogmia albipunctata","Clogmia","Psychodidae","Diptera","Insecta","Arthropoda","Metazoa"
"ncbi","Clubiona pygmaea","Clubiona pygmaea","Clubiona","Clubionidae","Araneae","Arachnida","Arthropoda","Metazoa"
"ncbi","Coboldia fuscipes","Coboldia fuscipes","Coboldia","Scatopsidae","Diptera","Insecta","Arthropoda","Metazoa"
"ncbi","Coccinellidae",NA,NA,"Coccinellidae","Coleoptera","Insecta","Arthropoda","Metazoa"
"ncbi","Coelopinae",NA,NA,"Coelopidae","Diptera","Insecta","Arthropoda","Metazoa"
"ncbi","Coenagrionidae",NA,NA,"Coenagrionidae","Odonata","Insecta","Arthropoda","Metazoa"
"ncbi","Coenosia",NA,"Coenosia","Muscidae","Diptera","Insecta","Arthropoda","Metazoa"
"ncbi","Coenosia tigrina","Coenosia tigrina","Coenosia","Muscidae","Diptera","Insecta","Arthropoda","Metazoa"
"ncbi","Coleomegilla maculata strenua","Coleomegilla maculata","Coleomegilla","Coccinellidae","Coleoptera","Insecta","Arthropoda","Metazoa"
"ncbi","Coleophoridae",NA,NA,"Coleophoridae","Lepidoptera","Insecta","Arthropoda","Metazoa"
"ncbi","Coleoptera",NA,NA,NA,"Coleoptera","Insecta","Arthropoda","Metazoa"
"ncbi","Coleotechnites",NA,"Coleotechnites","Gelechiidae","Lepidoptera","Insecta","Arthropoda","Metazoa"
"ncbi","Coleotechnites albicostata","Coleotechnites albicostata","Coleotechnites","Gelechiidae","Lepidoptera","Insecta","Arthropoda","Metazoa"
"ncbi","Coleotechnites occidentis","Coleotechnites occidentis","Coleotechnites","Gelechiidae","Lepidoptera","Insecta","Arthropoda","Metazoa"
"ncbi","Coniopteryx",NA,"Coniopteryx","Coniopterygidae","Neuroptera","Insecta","Arthropoda","Metazoa"
"ncbi","Conocephalus",NA,"Conocephalus","Tettigoniidae","Orthoptera","Insecta","Arthropoda","Metazoa"
"ncbi","Conocephalus ictus","Conocephalus ictus","Conocephalus","Tettigoniidae","Orthoptera","Insecta","Arthropoda","Metazoa"
"ncbi","Conocephalus saltator","Conocephalus saltator","Conocephalus","Tettigoniidae","Orthoptera","Insecta","Arthropoda","Metazoa"
"ncbi","Conotrachelus",NA,"Conotrachelus","Curculionidae","Coleoptera","Insecta","Arthropoda","Metazoa"
"ncbi","Contarinia",NA,"Contarinia","Cecidomyiidae","Diptera","Insecta","Arthropoda","Metazoa"
"ncbi","Copris",NA,"Copris","Scarabaeidae","Coleoptera","Insecta","Arthropoda","Metazoa"
"ncbi","Coproica ferruginata","Coproica ferruginata","Coproica","Sphaeroceridae","Diptera","Insecta","Arthropoda","Metazoa"
"ncbi","Corigetus marmoratus","Corigetus marmoratus","Corigetus","Curculionidae","Coleoptera","Insecta","Arthropoda","Metazoa"
"ncbi","Corioxenos acucyrtophallus","Corioxenos acucyrtophallus","Corioxenos","Corioxenidae","Strepsiptera","Insecta","Arthropoda","Metazoa"
"ncbi","Corticarina",NA,"Corticarina","Latridiidae","Coleoptera","Insecta","Arthropoda","Metazoa"
"ncbi","Corticeus fraxini","Corticeus fraxini","Corticeus","Tenebrionidae","Coleoptera","Insecta","Arthropoda","Metazoa"
"ncbi","Corylophidae",NA,NA,"Corylophidae","Coleoptera","Insecta","Arthropoda","Metazoa"
"ncbi","Corynoneura",NA,"Corynoneura","Chironomidae","Diptera","Insecta","Arthropoda","Metazoa"
"ncbi","Corynoptera",NA,"Corynoptera","Sciaridae","Diptera","Insecta","Arthropoda","Metazoa"
"ncbi","Corynoptera subtilis","Corynoptera subtilis","Corynoptera","Sciaridae","Diptera","Insecta","Arthropoda","Metazoa"
"ncbi","Corynoptera subtilis","Corynoptera subtilis","Corynoptera","Sciaridae","Diptera","Insecta","Arthropoda","Metazoa"
"ncbi","Cotinis mutabilis","Cotinis mutabilis","Cotinis","Scarabaeidae","Coleoptera","Insecta","Arthropoda","Metazoa"
"ncbi","Crambidae",NA,NA,"Crambidae","Lepidoptera","Insecta","Arthropoda","Metazoa"
"ncbi","Cratyna vagabunda","Cratyna vagabunda","Cratyna","Sciaridae","Diptera","Insecta","Arthropoda","Metazoa"
"ncbi","Cregya",NA,"Cregya","Cleridae","Coleoptera","Insecta","Arthropoda","Metazoa"
"ncbi","Cregya oculata","Cregya oculata","Cregya","Cleridae","Coleoptera","Insecta","Arthropoda","Metazoa"
"ncbi","Cricotopus",NA,"Cricotopus","Chironomidae","Diptera","Insecta","Arthropoda","Metazoa"
"ncbi","Cricotopus annulator","Cricotopus annulator","Cricotopus","Chironomidae","Diptera","Insecta","Arthropoda","Metazoa"
"ncbi","Cricotopus bicinctus","Cricotopus bicinctus","Cricotopus","Chironomidae","Diptera","Insecta","Arthropoda","Metazoa"
"ncbi","Cricotopus trifascia","Cricotopus trifascia","Cricotopus","Chironomidae","Diptera","Insecta","Arthropoda","Metazoa"
"ncbi","Cryptocephalus",NA,"Cryptocephalus","Chrysomelidae","Coleoptera","Insecta","Arthropoda","Metazoa"
"ncbi","Cryptocephalus lividimanus","Cryptocephalus lividimanus","Cryptocephalus","Chrysomelidae","Coleoptera","Insecta","Arthropoda","Metazoa"
"ncbi","Cryptolestes turcicus","Cryptolestes turcicus","Cryptolestes","Laemophloeidae","Coleoptera","Insecta","Arthropoda","Metazoa"
"ncbi","Cryptophilus",NA,"Cryptophilus","Erotylidae","Coleoptera","Insecta","Arthropoda","Metazoa"
"ncbi","Cryptotympana",NA,"Cryptotympana","Cicadidae","Hemiptera","Insecta","Arthropoda","Metazoa"
"ncbi","Cucujiformia",NA,NA,NA,"Coleoptera","Insecta","Arthropoda","Metazoa"
"ncbi","Cucujoidea",NA,NA,NA,"Coleoptera","Insecta","Arthropoda","Metazoa"
"ncbi","Culex",NA,"Culex","Culicidae","Diptera","Insecta","Arthropoda","Metazoa"
"ncbi","Culex salinarius","Culex salinarius","Culex","Culicidae","Diptera","Insecta","Arthropoda","Metazoa"
"ncbi","Culicoides",NA,"Culicoides","Ceratopogonidae","Diptera","Insecta","Arthropoda","Metazoa"
"ncbi","Culicoides crepuscularis","Culicoides crepuscularis","Culicoides","Ceratopogonidae","Diptera","Insecta","Arthropoda","Metazoa"
"ncbi","Culiseta",NA,"Culiseta","Culicidae","Diptera","Insecta","Arthropoda","Metazoa"
"ncbi","Cupido comyntas","Cupido comyntas","Cupido","Lycaenidae","Lepidoptera","Insecta","Arthropoda","Metazoa"
"ncbi","Curculio",NA,"Curculio","Curculionidae","Coleoptera","Insecta","Arthropoda","Metazoa"
"ncbi","Curculio venosus","Curculio venosus","Curculio","Curculionidae","Coleoptera","Insecta","Arthropoda","Metazoa"
"ncbi","Curculionidae",NA,NA,"Curculionidae","Coleoptera","Insecta","Arthropoda","Metazoa"
"ncbi","Cyclorhipidion bodoanus","Cyclorhipidion bodoanus","Cyclorhipidion","Curculionidae","Coleoptera","Insecta","Arthropoda","Metazoa"
"ncbi","Cyclorrhapha",NA,NA,NA,"Diptera","Insecta","Arthropoda","Metazoa"
"ncbi","Cydia latiferreana","Cydia latiferreana","Cydia","Tortricidae","Lepidoptera","Insecta","Arthropoda","Metazoa"
"ncbi","Cydninae",NA,NA,"Cydnidae","Hemiptera","Insecta","Arthropoda","Metazoa"
"ncbi","Cymbaeremaeidae",NA,NA,"Cymbaeremaeidae","Sarcoptiformes","Arachnida","Arthropoda","Metazoa"
"ncbi","Cymindis platicollis","Cymindis platicollis","Cymindis","Carabidae","Coleoptera","Insecta","Arthropoda","Metazoa"
"ncbi","Cyrtoxipha columbiana","Cyrtoxipha columbiana","Cyrtoxipha","Gryllidae","Orthoptera","Insecta","Arthropoda","Metazoa"
"ncbi","Dasyphora",NA,"Dasyphora","Muscidae","Diptera","Insecta","Arthropoda","Metazoa"
"ncbi","Datana",NA,"Datana","Notodontidae","Lepidoptera","Insecta","Arthropoda","Metazoa"
"ncbi","Datana ",NA,"Datana","Notodontidae","Lepidoptera","Insecta","Arthropoda","Metazoa"
"ncbi","Dectes texanus","Dectes texanus","Dectes","Cerambycidae","Coleoptera","Insecta","Arthropoda","Metazoa"
"ncbi","Delphinia picta","Delphinia picta","Delphinia","Ulidiidae","Diptera","Insecta","Arthropoda","Metazoa"
"ncbi","Dendarus",NA,"Dendarus","Tenebrionidae","Coleoptera","Insecta","Arthropoda","Metazoa"
"ncbi","Denheyernaxoides americanus","Denheyernaxoides americanus","Denheyernaxoides","Cunaxidae","Trombidiformes","Arachnida","Arthropoda","Metazoa"
"ncbi","Diamesinae",NA,NA,"Chironomidae","Diptera","Insecta","Arthropoda","Metazoa"
"ncbi","Diapheromera femorata","Diapheromera femorata","Diapheromera","Diapheromeridae","Phasmatodea","Insecta","Arthropoda","Metazoa"
"ncbi","Dicranomyia",NA,"Dicranomyia","Limoniidae","Diptera","Insecta","Arthropoda","Metazoa"
"ncbi","Didactylomyia longimana","Didactylomyia longimana","Didactylomyia","Cecidomyiidae","Diptera","Insecta","Arthropoda","Metazoa"
"ncbi","Didelphis virginiana","Didelphis virginiana","Didelphis","Didelphidae","Didelphimorphia","Mammalia","Chordata","Metazoa"
"ncbi","Didion punctatum","Didion punctatum","Didion","Coccinellidae","Coleoptera","Insecta","Arthropoda","Metazoa"
"ncbi","Diestrammena asynamora","Diestrammena asynamora","Diestrammena","Rhaphidophoridae","Orthoptera","Insecta","Arthropoda","Metazoa"
"ncbi","Dilophus",NA,"Dilophus","Bibionidae","Diptera","Insecta","Arthropoda","Metazoa"
"ncbi","Dipodidae",NA,NA,"Dipodidae","Rodentia","Mammalia","Chordata","Metazoa"
"ncbi","Diprioninae",NA,NA,"Diprionidae","Hymenoptera","Insecta","Arthropoda","Metazoa"
"ncbi","Dissosteira carolina","Dissosteira carolina","Dissosteira","Acrididae","Orthoptera","Insecta","Arthropoda","Metazoa"
"ncbi","Ditrysia",NA,NA,NA,"Lepidoptera","Insecta","Arthropoda","Metazoa"
"ncbi","Dohrniphora",NA,"Dohrniphora","Phoridae","Diptera","Insecta","Arthropoda","Metazoa"
"ncbi","Dolichopodinae",NA,NA,"Dolichopodidae","Diptera","Insecta","Arthropoda","Metazoa"
"ncbi","Drosophila",NA,"Drosophila","Drosophilidae","Diptera","Insecta","Arthropoda","Metazoa"
"ncbi","Drosophila cardini","Drosophila cardini","Drosophila","Drosophilidae","Diptera","Insecta","Arthropoda","Metazoa"
"ncbi","Drosophila melanogaster","Drosophila melanogaster","Drosophila","Drosophilidae","Diptera","Insecta","Arthropoda","Metazoa"
"ncbi","Drosophila nigromelanica","Drosophila nigromelanica","Drosophila","Drosophilidae","Diptera","Insecta","Arthropoda","Metazoa"
"ncbi","Drosophila suzukii","Drosophila suzukii","Drosophila","Drosophilidae","Diptera","Insecta","Arthropoda","Metazoa"
"ncbi","Drosophila tripunctata","Drosophila tripunctata","Drosophila","Drosophilidae","Diptera","Insecta","Arthropoda","Metazoa"
"ncbi","Drosophilidae",NA,NA,"Drosophilidae","Diptera","Insecta","Arthropoda","Metazoa"
"ncbi","Drosophilini",NA,NA,"Drosophilidae","Diptera","Insecta","Arthropoda","Metazoa"
"ncbi","Eacles imperialis","Eacles imperialis","Eacles","Saturniidae","Lepidoptera","Insecta","Arthropoda","Metazoa"
"ncbi","Echinocladius martini","Echinocladius martini","Echinocladius","Chironomidae","Diptera","Insecta","Arthropoda","Metazoa"
"ncbi","Echmepteryx hageni","Echmepteryx hageni","Echmepteryx","Lepidopsocidae","Psocoptera","Insecta","Arthropoda","Metazoa"
"ncbi","Ecitoglossa quadriceps","Ecitoglossa quadriceps","Ecitoglossa","Staphylinidae","Coleoptera","Insecta","Arthropoda","Metazoa"
"ncbi","Ectobius",NA,"Ectobius","Ectobiidae","Blattodea","Insecta","Arthropoda","Metazoa"
"ncbi","Ectopsocopsis cryptomeriae","Ectopsocopsis cryptomeriae","Ectopsocopsis","Ectopsocidae","Psocoptera","Insecta","Arthropoda","Metazoa"
"ncbi","Ectopsocus",NA,"Ectopsocus","Ectopsocidae","Psocoptera","Insecta","Arthropoda","Metazoa"
"ncbi","Ectopsocus briggsi","Ectopsocus briggsi","Ectopsocus","Ectopsocidae","Psocoptera","Insecta","Arthropoda","Metazoa"
"ncbi","Ectopsocus meridionalis","Ectopsocus meridionalis","Ectopsocus","Ectopsocidae","Psocoptera","Insecta","Arthropoda","Metazoa"
"ncbi","Efferia nemoralis","Efferia nemoralis","Efferia","Asilidae","Diptera","Insecta","Arthropoda","Metazoa"
"ncbi","Elachista leucosticta","Elachista leucosticta","Elachista","Elachistidae","Lepidoptera","Insecta","Arthropoda","Metazoa"
"ncbi","Elaphria grata","Elaphria grata","Elaphria","Noctuidae","Lepidoptera","Insecta","Arthropoda","Metazoa"
"ncbi","Elateridae",NA,NA,"Elateridae","Coleoptera","Insecta","Arthropoda","Metazoa"
"ncbi","Elaver excepta","Elaver excepta","Elaver","Clubionidae","Araneae","Arachnida","Arthropoda","Metazoa"
"ncbi","Endomychidae",NA,NA,"Endomychidae","Coleoptera","Insecta","Arthropoda","Metazoa"
"ncbi","Endopterygota",NA,NA,NA,NA,"Insecta","Arthropoda","Metazoa"
"ncbi","Eneopterinae",NA,NA,"Gryllidae","Orthoptera","Insecta","Arthropoda","Metazoa"
"ncbi","Ennominae",NA,NA,"Geometridae","Lepidoptera","Insecta","Arthropoda","Metazoa"
"ncbi","Ensifera",NA,NA,NA,"Orthoptera","Insecta","Arthropoda","Metazoa"
"ncbi","Entelegynae",NA,NA,NA,"Araneae","Arachnida","Arthropoda","Metazoa"
"ncbi","Entomobrya assuta","Entomobrya assuta","Entomobrya","Entomobryidae","Entomobryomorpha","Collembola","Arthropoda","Metazoa"
"ncbi","Entomobryidae",NA,NA,"Entomobryidae","Entomobryomorpha","Collembola","Arthropoda","Metazoa"
"ncbi","Epargyreus clarus","Epargyreus clarus","Epargyreus","Hesperiidae","Lepidoptera","Insecta","Arthropoda","Metazoa"
"ncbi","Ephydridae",NA,NA,"Ephydridae","Diptera","Insecta","Arthropoda","Metazoa"
"ncbi","Epicauta pensylvanica","Epicauta pensylvanica","Epicauta","Meloidae","Coleoptera","Insecta","Arthropoda","Metazoa"
"ncbi","Epinotia demarniana","Epinotia demarniana","Epinotia","Tortricidae","Lepidoptera","Insecta","Arthropoda","Metazoa"
"ncbi","Eptesicus fuscus","Eptesicus fuscus","Eptesicus","Vespertilionidae","Chiroptera","Mammalia","Chordata","Metazoa"
"ncbi","Equus",NA,"Equus","Equidae","Perissodactyla","Mammalia","Chordata","Metazoa"
"ncbi","Eremoneura",NA,NA,NA,"Diptera","Insecta","Arthropoda","Metazoa"
"ncbi","Estigmene acrea","Estigmene acrea","Estigmene","Erebidae","Lepidoptera","Insecta","Arthropoda","Metazoa"
"ncbi","Euaesthetus ruficapillus","Euaesthetus ruficapillus","Euaesthetus","Staphylinidae","Coleoptera","Insecta","Arthropoda","Metazoa"
"ncbi","Eucosma parmatana","Eucosma parmatana","Eucosma","Tortricidae","Lepidoptera","Insecta","Arthropoda","Metazoa"
"ncbi","Eucosmini",NA,NA,"Tortricidae","Lepidoptera","Insecta","Arthropoda","Metazoa"
"ncbi","Eukaryota",NA,NA,NA,NA,NA,NA,NA
"ncbi","Eunemobius carolinus","Eunemobius carolinus","Eunemobius","Gryllidae","Orthoptera","Insecta","Arthropoda","Metazoa"
"ncbi","Eupeodes",NA,"Eupeodes","Syrphidae","Diptera","Insecta","Arthropoda","Metazoa"
"ncbi","Eupithecia",NA,"Eupithecia","Geometridae","Lepidoptera","Insecta","Arthropoda","Metazoa"
"ncbi","Eupithecia fletcherata","Eupithecia fletcherata","Eupithecia","Geometridae","Lepidoptera","Insecta","Arthropoda","Metazoa"
"ncbi","Eupodidae",NA,NA,"Eupodidae","Trombidiformes","Arachnida","Arthropoda","Metazoa"
"ncbi","Euxesta notata","Euxesta notata","Euxesta","Ulidiidae","Diptera","Insecta","Arthropoda","Metazoa"
"ncbi","Exechiini",NA,NA,"Mycetophilidae","Diptera","Insecta","Arthropoda","Metazoa"
"ncbi","Exoristinae",NA,NA,"Tachinidae","Diptera","Insecta","Arthropoda","Metazoa"
"ncbi","Exoteleia pinifoliella","Exoteleia pinifoliella","Exoteleia","Gelechiidae","Lepidoptera","Insecta","Arthropoda","Metazoa"
"ncbi","Fannia canicularis","Fannia canicularis","Fannia","Fanniidae","Diptera","Insecta","Arthropoda","Metazoa"
"ncbi","Felis catus","Felis catus","Felis","Felidae","Carnivora","Mammalia","Chordata","Metazoa"
"ncbi","Feltia",NA,"Feltia","Noctuidae","Lepidoptera","Insecta","Arthropoda","Metazoa"
"ncbi","Feltia jaculifera","Feltia jaculifera","Feltia","Noctuidae","Lepidoptera","Insecta","Arthropoda","Metazoa"
"ncbi","Filatima",NA,"Filatima","Gelechiidae","Lepidoptera","Insecta","Arthropoda","Metazoa"
"ncbi","Forficula auricularia","Forficula auricularia","Forficula","Forficulidae","Dermaptera","Insecta","Arthropoda","Metazoa"
"ncbi","Formica",NA,"Formica","Formicidae","Hymenoptera","Insecta","Arthropoda","Metazoa"
"ncbi","Formica schaufussi","Formica schaufussi","Formica","Formicidae","Hymenoptera","Insecta","Arthropoda","Metazoa"
"ncbi","Frontinella communis","Frontinella communis","Frontinella","Linyphiidae","Araneae","Arachnida","Arthropoda","Metazoa"
"ncbi","Fulgoroidea",NA,NA,NA,"Hemiptera","Insecta","Arthropoda","Metazoa"
"ncbi","Gelechiidae",NA,NA,"Gelechiidae","Lepidoptera","Insecta","Arthropoda","Metazoa"
"ncbi","Geocoris",NA,"Geocoris","Geocoridae","Hemiptera","Insecta","Arthropoda","Metazoa"
"ncbi","Geometridae",NA,NA,"Geometridae","Lepidoptera","Insecta","Arthropoda","Metazoa"
"ncbi","Glaphyria",NA,"Glaphyria","Crambidae","Lepidoptera","Insecta","Arthropoda","Metazoa"
"ncbi","Glaucomys volans","Glaucomys volans","Glaucomys","Sciuridae","Rodentia","Mammalia","Chordata","Metazoa"
"ncbi","Goera",NA,"Goera","Goeridae","Trichoptera","Insecta","Arthropoda","Metazoa"
"ncbi","Grapholita interstinctana","Grapholita interstinctana","Grapholita","Tortricidae","Lepidoptera","Insecta","Arthropoda","Metazoa"
"ncbi","Grapholitini",NA,NA,"Tortricidae","Lepidoptera","Insecta","Arthropoda","Metazoa"
"ncbi","Gryllidae",NA,NA,"Gryllidae","Orthoptera","Insecta","Arthropoda","Metazoa"
"ncbi","Gryllinae",NA,NA,"Gryllidae","Orthoptera","Insecta","Arthropoda","Metazoa"
"ncbi","Grylloidea",NA,NA,NA,"Orthoptera","Insecta","Arthropoda","Metazoa"
"ncbi","Gryllus",NA,"Gryllus","Gryllidae","Orthoptera","Insecta","Arthropoda","Metazoa"
"ncbi","Gryllus pennsylvanicus","Gryllus pennsylvanicus","Gryllus","Gryllidae","Orthoptera","Insecta","Arthropoda","Metazoa"
"ncbi","Gryllus rubens","Gryllus rubens","Gryllus","Gryllidae","Orthoptera","Insecta","Arthropoda","Metazoa"
"ncbi","Gyponana",NA,"Gyponana","Cicadellidae","Hemiptera","Insecta","Arthropoda","Metazoa"
"ncbi","Gyrophaena",NA,"Gyrophaena","Staphylinidae","Coleoptera","Insecta","Arthropoda","Metazoa"
"ncbi","Hadeninae",NA,NA,"Noctuidae","Lepidoptera","Insecta","Arthropoda","Metazoa"
"ncbi","Halyomorpha halys","Halyomorpha halys","Halyomorpha","Pentatomidae","Hemiptera","Insecta","Arthropoda","Metazoa"
"ncbi","Halysidota tessellaris","Halysidota tessellaris","Halysidota","Erebidae","Lepidoptera","Insecta","Arthropoda","Metazoa"
"ncbi","Harmonia axyridis","Harmonia axyridis","Harmonia","Coccinellidae","Coleoptera","Insecta","Arthropoda","Metazoa"
"ncbi","Harpagoxenus sublaevis","Harpagoxenus sublaevis","Harpagoxenus","Formicidae","Hymenoptera","Insecta","Arthropoda","Metazoa"
"ncbi","Harpalini",NA,NA,"Carabidae","Coleoptera","Insecta","Arthropoda","Metazoa"
"ncbi","Harpalus compar","Harpalus compar","Harpalus","Carabidae","Coleoptera","Insecta","Arthropoda","Metazoa"
"ncbi","Harpalus faunus","Harpalus faunus","Harpalus","Carabidae","Coleoptera","Insecta","Arthropoda","Metazoa"
"ncbi","Harpalus pensylvanicus","Harpalus pensylvanicus","Harpalus","Carabidae","Coleoptera","Insecta","Arthropoda","Metazoa"
"ncbi","Helicobia rapax","Helicobia rapax","Helicobia","Sarcophagidae","Diptera","Insecta","Arthropoda","Metazoa"
"ncbi","Helina evecta","Helina evecta","Helina","Muscidae","Diptera","Insecta","Arthropoda","Metazoa"
"ncbi","Helina troene","Helina troene","Helina","Muscidae","Diptera","Insecta","Arthropoda","Metazoa"
"ncbi","Hemerobiidae",NA,NA,"Hemerobiidae","Neuroptera","Insecta","Arthropoda","Metazoa"
"ncbi","Hemerobiiformia",NA,NA,NA,"Neuroptera","Insecta","Arthropoda","Metazoa"
"ncbi","Hemiptera",NA,NA,NA,"Hemiptera","Insecta","Arthropoda","Metazoa"
"ncbi","Hesperotettix viridis","Hesperotettix viridis","Hesperotettix","Acrididae","Orthoptera","Insecta","Arthropoda","Metazoa"
"ncbi","Heterarthrinae",NA,NA,"Tenthredinidae","Hymenoptera","Insecta","Arthropoda","Metazoa"
"ncbi","Heterocaecilius",NA,"Heterocaecilius","Pseudocaeciliidae","Psocoptera","Insecta","Arthropoda","Metazoa"
"ncbi","Heterocaecilius solocipennis","Heterocaecilius solocipennis","Heterocaecilius","Pseudocaeciliidae","Psocoptera","Insecta","Arthropoda","Metazoa"
"ncbi","Heterocampa guttivitta","Heterocampa guttivitta","Heterocampa","Notodontidae","Lepidoptera","Insecta","Arthropoda","Metazoa"
"ncbi","Hexapoda",NA,NA,NA,NA,NA,"Arthropoda","Metazoa"
"ncbi","Homadaula anisocentra","Homadaula anisocentra","Homadaula","Plutellidae","Lepidoptera","Insecta","Arthropoda","Metazoa"
"ncbi","Homalotylus",NA,"Homalotylus","Encyrtidae","Hymenoptera","Insecta","Arthropoda","Metazoa"
"ncbi","Homo sapiens","Homo sapiens","Homo","Hominidae","Primates","Mammalia","Chordata","Metazoa"
"ncbi","Hyalophora",NA,"Hyalophora","Saturniidae","Lepidoptera","Insecta","Arthropoda","Metazoa"
"ncbi","Hyalophora cecropia","Hyalophora cecropia","Hyalophora","Saturniidae","Lepidoptera","Insecta","Arthropoda","Metazoa"
"ncbi","Hydrelia",NA,"Hydrelia","Geometridae","Lepidoptera","Insecta","Arthropoda","Metazoa"
"ncbi","Hyles lineata","Hyles lineata","Hyles","Sphingidae","Lepidoptera","Insecta","Arthropoda","Metazoa"
"ncbi","Hymenoptera",NA,NA,NA,"Hymenoptera","Insecta","Arthropoda","Metazoa"
"ncbi","Hypagyrtis",NA,"Hypagyrtis","Geometridae","Lepidoptera","Insecta","Arthropoda","Metazoa"
"ncbi","Hypatopa vestaliella","Hypatopa vestaliella","Hypatopa","Blastobasidae","Lepidoptera","Insecta","Arthropoda","Metazoa"
"ncbi","Hypebaeus apicalis","Hypebaeus apicalis","Hypebaeus","Melyridae","Coleoptera","Insecta","Arthropoda","Metazoa"
"ncbi","Hypena scabra","Hypena scabra","Hypena","Erebidae","Lepidoptera","Insecta","Arthropoda","Metazoa"
"ncbi","Hypera punctata","Hypera punctata","Hypera","Curculionidae","Coleoptera","Insecta","Arthropoda","Metazoa"
"ncbi","Hypercompe scribonia","Hypercompe scribonia","Hypercompe","Erebidae","Lepidoptera","Insecta","Arthropoda","Metazoa"
"ncbi","Hyperlasion",NA,"Hyperlasion","Sciaridae","Diptera","Insecta","Arthropoda","Metazoa"
"ncbi","Hyphantria cunea","Hyphantria cunea","Hyphantria","Erebidae","Lepidoptera","Insecta","Arthropoda","Metazoa"
"ncbi","Hypothenemus",NA,"Hypothenemus","Curculionidae","Coleoptera","Insecta","Arthropoda","Metazoa"
"ncbi","Hypothenemus ",NA,"Hypothenemus","Curculionidae","Coleoptera","Insecta","Arthropoda","Metazoa"
"ncbi","Ichneumonidae",NA,NA,"Ichneumonidae","Hymenoptera","Insecta","Arthropoda","Metazoa"
"ncbi","Idia americalis","Idia americalis","Idia","Erebidae","Lepidoptera","Insecta","Arthropoda","Metazoa"
"ncbi","Inga sparsiciliella","Inga sparsiciliella","Inga","Oecophoridae","Lepidoptera","Insecta","Arthropoda","Metazoa"
"ncbi","Isa textula","Isa textula","Isa","Limacodidae","Lepidoptera","Insecta","Arthropoda","Metazoa"
"ncbi","Isomira antennata","Isomira antennata","Isomira","Tenebrionidae","Coleoptera","Insecta","Arthropoda","Metazoa"
"ncbi","Isotomidae",NA,NA,"Isotomidae","Entomobryomorpha","Collembola","Arthropoda","Metazoa"
"ncbi","Italochrysa megista","Italochrysa megista","Italochrysa","Chrysopidae","Neuroptera","Insecta","Arthropoda","Metazoa"
"ncbi","Jikradia olitoria","Jikradia olitoria","Jikradia","Cicadellidae","Hemiptera","Insecta","Arthropoda","Metazoa"
"ncbi","Junoniini",NA,NA,"Nymphalidae","Lepidoptera","Insecta","Arthropoda","Metazoa"
"ncbi","Kleidocerys resedae","Kleidocerys resedae","Kleidocerys","Lygaeidae","Hemiptera","Insecta","Arthropoda","Metazoa"
"ncbi","Lachesillidae",NA,NA,"Lachesillidae","Psocoptera","Insecta","Arthropoda","Metazoa"
"ncbi","Lachninae",NA,NA,"Aphididae","Hemiptera","Insecta","Arthropoda","Metazoa"
"ncbi","Lacinipolia renigera","Lacinipolia renigera","Lacinipolia","Noctuidae","Lepidoptera","Insecta","Arthropoda","Metazoa"
"ncbi","Laemophloeus biguttatus","Laemophloeus biguttatus","Laemophloeus","Laemophloeidae","Coleoptera","Insecta","Arthropoda","Metazoa"
"ncbi","Lamyctes",NA,"Lamyctes","Henicopidae","Lithobiomorpha","Chilopoda","Arthropoda","Metazoa"
"ncbi","Lasioderma serricorne","Lasioderma serricorne","Lasioderma","Ptinidae","Coleoptera","Insecta","Arthropoda","Metazoa"
"ncbi","Lasiopteridi",NA,NA,"Cecidomyiidae","Diptera","Insecta","Arthropoda","Metazoa"
"ncbi","Lasiopterini",NA,NA,"Cecidomyiidae","Diptera","Insecta","Arthropoda","Metazoa"
"ncbi","Lasiurus borealis","Lasiurus borealis","Lasiurus","Vespertilionidae","Chiroptera","Mammalia","Chordata","Metazoa"
"ncbi","Lasius",NA,"Lasius","Formicidae","Hymenoptera","Insecta","Arthropoda","Metazoa"
"ncbi","Leiobuninae",NA,NA,"Sclerosomatidae","Opiliones","Arachnida","Arthropoda","Metazoa"
"ncbi","Leptinotarsa juncta","Leptinotarsa juncta","Leptinotarsa","Chrysomelidae","Coleoptera","Insecta","Arthropoda","Metazoa"
"ncbi","Leptoglossus zonatus","Leptoglossus zonatus","Leptoglossus","Coreidae","Hemiptera","Insecta","Arthropoda","Metazoa"
"ncbi","Leptoteleia americana","Leptoteleia americana","Leptoteleia","Scelionidae","Hymenoptera","Insecta","Arthropoda","Metazoa"
"ncbi","Lespesia aletiae","Lespesia aletiae","Lespesia","Tachinidae","Diptera","Insecta","Arthropoda","Metazoa"
"ncbi","Lestodiplosis",NA,"Lestodiplosis","Cecidomyiidae","Diptera","Insecta","Arthropoda","Metazoa"
"ncbi","Lestodiplosis miki","Lestodiplosis miki","Lestodiplosis","Cecidomyiidae","Diptera","Insecta","Arthropoda","Metazoa"
"ncbi","Lestodiplosis polypori","Lestodiplosis polypori","Lestodiplosis","Cecidomyiidae","Diptera","Insecta","Arthropoda","Metazoa"
"ncbi","Leucauge venusta","Leucauge venusta","Leucauge","Tetragnathidae","Araneae","Arachnida","Arthropoda","Metazoa"
"ncbi","Leucochrysa",NA,"Leucochrysa","Chrysopidae","Neuroptera","Insecta","Arthropoda","Metazoa"
"ncbi","Libellulidae",NA,NA,"Libellulidae","Odonata","Insecta","Arthropoda","Metazoa"
"ncbi","Libnotes",NA,"Libnotes","Limoniidae","Diptera","Insecta","Arthropoda","Metazoa"
"ncbi","Lichenomima",NA,"Lichenomima","Myopsocidae","Psocoptera","Insecta","Arthropoda","Metazoa"
"ncbi","Limacodidae",NA,NA,"Limacodidae","Lepidoptera","Insecta","Arthropoda","Metazoa"
"ncbi","Limnephilidae",NA,NA,"Limnephilidae","Trichoptera","Insecta","Arthropoda","Metazoa"
"ncbi","Limoniidae",NA,NA,"Limoniidae","Diptera","Insecta","Arthropoda","Metazoa"
"ncbi","Limoniinae",NA,NA,"Limoniidae","Diptera","Insecta","Arthropoda","Metazoa"
"ncbi","Lispe tentaculata","Lispe tentaculata","Lispe","Muscidae","Diptera","Insecta","Arthropoda","Metazoa"
"ncbi","Litargus balteatus","Litargus balteatus","Litargus","Mycetophagidae","Coleoptera","Insecta","Arthropoda","Metazoa"
"ncbi","Lochmaeus",NA,"Lochmaeus","Notodontidae","Lepidoptera","Insecta","Arthropoda","Metazoa"
"ncbi","Loensia moesta","Loensia moesta","Loensia","Psocidae","Psocoptera","Insecta","Arthropoda","Metazoa"
"ncbi","Lonchoptera bifurcata","Lonchoptera bifurcata","Lonchoptera","Lonchopteridae","Diptera","Insecta","Arthropoda","Metazoa"
"ncbi","Lucilia",NA,"Lucilia","Calliphoridae","Diptera","Insecta","Arthropoda","Metazoa"
"ncbi","Luciliinae",NA,NA,"Calliphoridae","Diptera","Insecta","Arthropoda","Metazoa"
"ncbi","Lucoppia burrowsi","Lucoppia burrowsi","Lucoppia","Oribatulidae","Sarcoptiformes","Arachnida","Arthropoda","Metazoa"
"ncbi","Lycorma",NA,"Lycorma","Fulgoridae","Hemiptera","Insecta","Arthropoda","Metazoa"
"ncbi","Lycorma delicatula","Lycorma delicatula","Lycorma","Fulgoridae","Hemiptera","Insecta","Arthropoda","Metazoa"
"ncbi","Lygephila dorsigera","Lygephila dorsigera","Lygephila","Erebidae","Lepidoptera","Insecta","Arthropoda","Metazoa"
"ncbi","Lygus lineolaris","Lygus lineolaris","Lygus","Miridae","Hemiptera","Insecta","Arthropoda","Metazoa"
"ncbi","Lysiphlebus testaceipes","Lysiphlebus testaceipes","Lysiphlebus","Braconidae","Hymenoptera","Insecta","Arthropoda","Metazoa"
"ncbi","Macaria",NA,"Macaria","Geometridae","Lepidoptera","Insecta","Arthropoda","Metazoa"
"ncbi","Machimia tentoriferella","Machimia tentoriferella","Machimia","Depressariidae","Lepidoptera","Insecta","Arthropoda","Metazoa"
"ncbi","Macrocyclops albidus","Macrocyclops albidus","Macrocyclops","Cyclopidae","Cyclopoida","Hexanauplia","Arthropoda","Metazoa"
"ncbi","Madoniella dislocata","Madoniella dislocata","Madoniella","Cleridae","Coleoptera","Insecta","Arthropoda","Metazoa"
"ncbi","Maladera atavana","Maladera atavana","Maladera","Scarabaeidae","Coleoptera","Insecta","Arthropoda","Metazoa"
"ncbi","Malgasia",NA,"Malgasia","Gryllidae","Orthoptera","Insecta","Arthropoda","Metazoa"
"ncbi","Mandibulata",NA,NA,NA,NA,NA,"Arthropoda","Metazoa"
"ncbi","Manduca",NA,"Manduca","Sphingidae","Lepidoptera","Insecta","Arthropoda","Metazoa"
"ncbi","Mantis religiosa","Mantis religiosa","Mantis","Mantidae","Mantodea","Insecta","Arthropoda","Metazoa"
"ncbi","Mantodea",NA,NA,NA,"Mantodea","Insecta","Arthropoda","Metazoa"
"ncbi","Mantura chrysanthemi","Mantura chrysanthemi","Mantura","Chrysomelidae","Coleoptera","Insecta","Arthropoda","Metazoa"
"ncbi","Marumba",NA,"Marumba","Sphingidae","Lepidoptera","Insecta","Arthropoda","Metazoa"
"ncbi","Mayetiola",NA,"Mayetiola","Cecidomyiidae","Diptera","Insecta","Arthropoda","Metazoa"
"ncbi","Mayetiola destructor","Mayetiola destructor","Mayetiola","Cecidomyiidae","Diptera","Insecta","Arthropoda","Metazoa"
"ncbi","Medetera",NA,"Medetera","Dolichopodidae","Diptera","Insecta","Arthropoda","Metazoa"
"ncbi","Megaselia",NA,"Megaselia","Phoridae","Diptera","Insecta","Arthropoda","Metazoa"
"ncbi","Megaselia arcticae","Megaselia arcticae","Megaselia","Phoridae","Diptera","Insecta","Arthropoda","Metazoa"
"ncbi","Megaselia scalaris","Megaselia scalaris","Megaselia","Phoridae","Diptera","Insecta","Arthropoda","Metazoa"
"ncbi","Megaseliini",NA,NA,"Phoridae","Diptera","Insecta","Arthropoda","Metazoa"
"ncbi","Megatibicen auletes","Megatibicen auletes","Megatibicen","Cicadidae","Hemiptera","Insecta","Arthropoda","Metazoa"
"ncbi","Meilichius apicicornis","Meilichius apicicornis","Meilichius","Endomychidae","Coleoptera","Insecta","Arthropoda","Metazoa"
"ncbi","Melanophora roralis","Melanophora roralis","Melanophora","Rhinophoridae","Diptera","Insecta","Arthropoda","Metazoa"
"ncbi","Melanophthalma",NA,"Melanophthalma","Latridiidae","Coleoptera","Insecta","Arthropoda","Metazoa"
"ncbi","Melanoplus",NA,"Melanoplus","Acrididae","Orthoptera","Insecta","Arthropoda","Metazoa"
"ncbi","Melanotus",NA,"Melanotus","Elateridae","Coleoptera","Insecta","Arthropoda","Metazoa"
"ncbi","Meloidae",NA,NA,"Meloidae","Coleoptera","Insecta","Arthropoda","Metazoa"
"ncbi","Melyridae",NA,NA,"Melyridae","Coleoptera","Insecta","Arthropoda","Metazoa"
"ncbi","Menimus",NA,"Menimus","Tenebrionidae","Coleoptera","Insecta","Arthropoda","Metazoa"
"ncbi","Mephitis mephitis","Mephitis mephitis","Mephitis","Mephitidae","Carnivora","Mammalia","Chordata","Metazoa"
"ncbi","Mermiria bivittata","Mermiria bivittata","Mermiria","Acrididae","Orthoptera","Insecta","Arthropoda","Metazoa"
"ncbi","Meromyza",NA,"Meromyza","Chloropidae","Diptera","Insecta","Arthropoda","Metazoa"
"ncbi","Meronera venustula","Meronera venustula","Meronera","Staphylinidae","Coleoptera","Insecta","Arthropoda","Metazoa"
"ncbi","Metalimnobia quadrinotata","Metalimnobia quadrinotata","Metalimnobia","Limoniidae","Diptera","Insecta","Arthropoda","Metazoa"
"ncbi","Metopininae",NA,NA,"Phoridae","Diptera","Insecta","Arthropoda","Metazoa"
"ncbi","Metylophorus novaescotiae","Metylophorus novaescotiae","Metylophorus","Psocidae","Psocoptera","Insecta","Arthropoda","Metazoa"
"ncbi","Micromus angulatus","Micromus angulatus","Micromus","Hemerobiidae","Neuroptera","Insecta","Arthropoda","Metazoa"
"ncbi","Micromus posticus","Micromus posticus","Micromus","Hemerobiidae","Neuroptera","Insecta","Arthropoda","Metazoa"
"ncbi","Microscapha clavicornis","Microscapha clavicornis","Microscapha","Melandryidae","Coleoptera","Insecta","Arthropoda","Metazoa"
"ncbi","Minettia lupulina","Minettia lupulina","Minettia","Lauxaniidae","Diptera","Insecta","Arthropoda","Metazoa"
"ncbi","Miridae",NA,NA,"Miridae","Hemiptera","Insecta","Arthropoda","Metazoa"
"ncbi","Monochamini",NA,NA,"Cerambycidae","Coleoptera","Insecta","Arthropoda","Metazoa"
"ncbi","Monoctenus sanchezi","Monoctenus sanchezi","Monoctenus","Diprionidae","Hymenoptera","Insecta","Arthropoda","Metazoa"
"ncbi","Monomorium pharaonis","Monomorium pharaonis","Monomorium","Formicidae","Hymenoptera","Insecta","Arthropoda","Metazoa"
"ncbi","Monomorium triviale","Monomorium triviale","Monomorium","Formicidae","Hymenoptera","Insecta","Arthropoda","Metazoa"
"ncbi","Monotoma spinicollis","Monotoma spinicollis","Monotoma","Monotomidae","Coleoptera","Insecta","Arthropoda","Metazoa"
"ncbi","Mordella brachyura","Mordella brachyura","Mordella","Mordellidae","Coleoptera","Insecta","Arthropoda","Metazoa"
"ncbi","Mus musculus","Mus musculus","Mus","Muridae","Rodentia","Mammalia","Chordata","Metazoa"
"ncbi","Muscidae",NA,NA,"Muscidae","Diptera","Insecta","Arthropoda","Metazoa"
"ncbi","Muscina levida","Muscina levida","Muscina","Muscidae","Diptera","Insecta","Arthropoda","Metazoa"
"ncbi","Muscina pascuorum","Muscina pascuorum","Muscina","Muscidae","Diptera","Insecta","Arthropoda","Metazoa"
"ncbi","Muscoidea",NA,NA,NA,"Diptera","Insecta","Arthropoda","Metazoa"
"ncbi","Muscomorpha",NA,NA,NA,"Diptera","Insecta","Arthropoda","Metazoa"
"ncbi","Myas coracinus","Myas coracinus","Myas","Carabidae","Coleoptera","Insecta","Arthropoda","Metazoa"
"ncbi","Mycetophagidae",NA,NA,"Mycetophagidae","Coleoptera","Insecta","Arthropoda","Metazoa"
"ncbi","Mycetophila fungorum","Mycetophila fungorum","Mycetophila","Mycetophilidae","Diptera","Insecta","Arthropoda","Metazoa"
"ncbi","Mycetophilidae",NA,NA,"Mycetophilidae","Diptera","Insecta","Arthropoda","Metazoa"
"ncbi","Mycodiplosis coniophaga","Mycodiplosis coniophaga","Mycodiplosis","Cecidomyiidae","Diptera","Insecta","Arthropoda","Metazoa"
"ncbi","Mymaridae",NA,NA,"Mymaridae","Hymenoptera","Insecta","Arthropoda","Metazoa"
"ncbi","Myrmicinae",NA,NA,"Formicidae","Hymenoptera","Insecta","Arthropoda","Metazoa"
"ncbi","Mythimna unipuncta","Mythimna unipuncta","Mythimna","Noctuidae","Lepidoptera","Insecta","Arthropoda","Metazoa"
"ncbi","Nabinae",NA,NA,"Nabidae","Hemiptera","Insecta","Arthropoda","Metazoa"
"ncbi","Neocaledonidiplosis neoaryterae","Neocaledonidiplosis neoaryterae","Neocaledonidiplosis","Cecidomyiidae","Diptera","Insecta","Arthropoda","Metazoa"
"ncbi","Neodiprion lecontei","Neodiprion lecontei","Neodiprion","Diprionidae","Hymenoptera","Insecta","Arthropoda","Metazoa"
"ncbi","Neoheteroptera",NA,NA,NA,"Hemiptera","Insecta","Arthropoda","Metazoa"
"ncbi","Neonemobius cubensis","Neonemobius cubensis","Neonemobius","Gryllidae","Orthoptera","Insecta","Arthropoda","Metazoa"
"ncbi","Neoptera",NA,NA,NA,NA,"Insecta","Arthropoda","Metazoa"
"ncbi","Neoribates",NA,"Neoribates","Parakalummidae","Sarcoptiformes","Arachnida","Arthropoda","Metazoa"
"ncbi","Nephelodes minians","Nephelodes minians","Nephelodes","Noctuidae","Lepidoptera","Insecta","Arthropoda","Metazoa"
"ncbi","Nephrotoma quadrifaria","Nephrotoma quadrifaria","Nephrotoma","Tipulidae","Diptera","Insecta","Arthropoda","Metazoa"
"ncbi","Neuroptera",NA,NA,NA,"Neuroptera","Insecta","Arthropoda","Metazoa"
"ncbi","Nicrophorus tomentosus","Nicrophorus tomentosus","Nicrophorus","Silphidae","Coleoptera","Insecta","Arthropoda","Metazoa"
"ncbi","Niditinea fuscella","Niditinea fuscella","Niditinea","Tineidae","Lepidoptera","Insecta","Arthropoda","Metazoa"
"ncbi","Nitidulinae",NA,NA,"Nitidulidae","Coleoptera","Insecta","Arthropoda","Metazoa"
"ncbi","Noctua",NA,"Noctua","Noctuidae","Lepidoptera","Insecta","Arthropoda","Metazoa"
"ncbi","Noctuidae",NA,NA,"Noctuidae","Lepidoptera","Insecta","Arthropoda","Metazoa"
"ncbi","Noctuinae",NA,NA,"Noctuidae","Lepidoptera","Insecta","Arthropoda","Metazoa"
"ncbi","Noctuoidea",NA,NA,NA,"Lepidoptera","Insecta","Arthropoda","Metazoa"
"ncbi","Notodontidae",NA,NA,"Notodontidae","Lepidoptera","Insecta","Arthropoda","Metazoa"
"ncbi","Nylanderia flavipes","Nylanderia flavipes","Nylanderia","Formicidae","Hymenoptera","Insecta","Arthropoda","Metazoa"
"ncbi","Nysius cymoides","Nysius cymoides","Nysius","Lygaeidae","Hemiptera","Insecta","Arthropoda","Metazoa"
"ncbi","Obtectomera",NA,NA,NA,"Lepidoptera","Insecta","Arthropoda","Metazoa"
"ncbi","Ochropleura implecta","Ochropleura implecta","Ochropleura","Noctuidae","Lepidoptera","Insecta","Arthropoda","Metazoa"
"ncbi","Odocoileus virginianus","Odocoileus virginianus","Odocoileus","Cervidae","Artiodactyla","Mammalia","Chordata","Metazoa"
"ncbi","Oecanthus nigricornis","Oecanthus nigricornis","Oecanthus","Gryllidae","Orthoptera","Insecta","Arthropoda","Metazoa"
"ncbi","Oenoe hybromella","Oenoe hybromella","Oenoe","Meessiidae","Lepidoptera","Insecta","Arthropoda","Metazoa"
"ncbi","Oestroidea",NA,NA,NA,"Diptera","Insecta","Arthropoda","Metazoa"
"ncbi","Olethreutes",NA,"Olethreutes","Tortricidae","Lepidoptera","Insecta","Arthropoda","Metazoa"
"ncbi","Olethreutinae",NA,NA,"Tortricidae","Lepidoptera","Insecta","Arthropoda","Metazoa"
"ncbi","Olibrus",NA,"Olibrus","Phalacridae","Coleoptera","Insecta","Arthropoda","Metazoa"
"ncbi","Olibrus semistriatus","Olibrus semistriatus","Olibrus","Phalacridae","Coleoptera","Insecta","Arthropoda","Metazoa"
"ncbi","Olisthaerus megacephalus","Olisthaerus megacephalus","Olisthaerus","Staphylinidae","Coleoptera","Insecta","Arthropoda","Metazoa"
"ncbi","Onthophagus pennsylvanicus","Onthophagus pennsylvanicus","Onthophagus","Scarabaeidae","Coleoptera","Insecta","Arthropoda","Metazoa"
"ncbi","Orchopeas caedens","Orchopeas caedens","Orchopeas","Ceratophyllidae","Siphonaptera","Insecta","Arthropoda","Metazoa"
"ncbi","Oribatulidae",NA,NA,"Oribatulidae","Sarcoptiformes","Arachnida","Arthropoda","Metazoa"
"ncbi","Orocharis saltator","Orocharis saltator","Orocharis","Gryllidae","Orthoptera","Insecta","Arthropoda","Metazoa"
"ncbi","Orthocentrus fulvipes","Orthocentrus fulvipes","Orthocentrus","Ichneumonidae","Hymenoptera","Insecta","Arthropoda","Metazoa"
"ncbi","Orthocladiinae",NA,NA,"Chironomidae","Diptera","Insecta","Arthropoda","Metazoa"
"ncbi","Orthopodomyia alba","Orthopodomyia alba","Orthopodomyia","Culicidae","Diptera","Insecta","Arthropoda","Metazoa"
"ncbi","Oscinellinae",NA,NA,"Chloropidae","Diptera","Insecta","Arthropoda","Metazoa"
"ncbi","Otiorhynchus rugosostriatus","Otiorhynchus rugosostriatus","Otiorhynchus","Curculionidae","Coleoptera","Insecta","Arthropoda","Metazoa"
"ncbi","Ovis",NA,"Ovis","Bovidae","Artiodactyla","Mammalia","Chordata","Metazoa"
"ncbi","Oxyethira pallida","Oxyethira pallida","Oxyethira","Hydroptilidae","Trichoptera","Insecta","Arthropoda","Metazoa"
"ncbi","Oxyethira zeronia","Oxyethira zeronia","Oxyethira","Hydroptilidae","Trichoptera","Insecta","Arthropoda","Metazoa"
"ncbi","Pachypsylla",NA,"Pachypsylla","Aphalaridae","Hemiptera","Insecta","Arthropoda","Metazoa"
"ncbi","Palthis angulalis","Palthis angulalis","Palthis","Erebidae","Lepidoptera","Insecta","Arthropoda","Metazoa"
"ncbi","Pancrustacea",NA,NA,NA,NA,NA,"Arthropoda","Metazoa"
"ncbi","Pandeleteius hilaris","Pandeleteius hilaris","Pandeleteius","Curculionidae","Coleoptera","Insecta","Arthropoda","Metazoa"
"ncbi","Pantala flavescens","Pantala flavescens","Pantala","Libellulidae","Odonata","Insecta","Arthropoda","Metazoa"
"ncbi","Paonias excaecata","Paonias excaecata","Paonias","Sphingidae","Lepidoptera","Insecta","Arthropoda","Metazoa"
"ncbi","Papilio",NA,"Papilio","Papilionidae","Lepidoptera","Insecta","Arthropoda","Metazoa"
"ncbi","Parachironomus",NA,"Parachironomus","Chironomidae","Diptera","Insecta","Arthropoda","Metazoa"
"ncbi","Paradidyma",NA,"Paradidyma","Tachinidae","Diptera","Insecta","Arthropoda","Metazoa"
"ncbi","Parakalummidae",NA,NA,"Parakalummidae","Sarcoptiformes","Arachnida","Arthropoda","Metazoa"
"ncbi","Paralimna",NA,"Paralimna","Ephydridae","Diptera","Insecta","Arthropoda","Metazoa"
"ncbi","Parallelia bistriaris","Parallelia bistriaris","Parallelia","Erebidae","Lepidoptera","Insecta","Arthropoda","Metazoa"
"ncbi","Parapediasia teterrellus","Parapediasia teterrellus","Parapediasia","Crambidae","Lepidoptera","Insecta","Arthropoda","Metazoa"
"ncbi","Parapoynx allionealis","Parapoynx allionealis","Parapoynx","Crambidae","Lepidoptera","Insecta","Arthropoda","Metazoa"
"ncbi","Paratanytarsus",NA,"Paratanytarsus","Chironomidae","Diptera","Insecta","Arthropoda","Metazoa"
"ncbi","Paratrichocladius tamaater","Paratrichocladius tamaater","Paratrichocladius","Chironomidae","Diptera","Insecta","Arthropoda","Metazoa"
"ncbi","Paraulacizes irrorata","Paraulacizes irrorata","Paraulacizes","Cicadellidae","Hemiptera","Insecta","Arthropoda","Metazoa"
"ncbi","Parcoblatta",NA,"Parcoblatta","Blattellidae","Blattodea","Insecta","Arthropoda","Metazoa"
"ncbi","Parcoblatta bolliana","Parcoblatta bolliana","Parcoblatta","Blattellidae","Blattodea","Insecta","Arthropoda","Metazoa"
"ncbi","Parcoblatta divisa","Parcoblatta divisa","Parcoblatta","Blattellidae","Blattodea","Insecta","Arthropoda","Metazoa"
"ncbi","Parcoblatta uhleriana","Parcoblatta uhleriana","Parcoblatta","Blattellidae","Blattodea","Insecta","Arthropoda","Metazoa"
"ncbi","Paria fragariae","Paria fragariae","Paria","Chrysomelidae","Coleoptera","Insecta","Arthropoda","Metazoa"
"ncbi","Paria sellata","Paria sellata","Paria","Chrysomelidae","Coleoptera","Insecta","Arthropoda","Metazoa"
"ncbi","Patrobus longicornis","Patrobus longicornis","Patrobus","Carabidae","Coleoptera","Insecta","Arthropoda","Metazoa"
"ncbi","Peckia",NA,"Peckia","Sarcophagidae","Diptera","Insecta","Arthropoda","Metazoa"
"ncbi","Pediasia trisecta","Pediasia trisecta","Pediasia","Crambidae","Lepidoptera","Insecta","Arthropoda","Metazoa"
"ncbi","Pedicia albivitta","Pedicia albivitta","Pedicia","Pediciidae","Diptera","Insecta","Arthropoda","Metazoa"
"ncbi","Pediciidae",NA,NA,"Pediciidae","Diptera","Insecta","Arthropoda","Metazoa"
"ncbi","Pelegrina galathea","Pelegrina galathea","Pelegrina","Salticidae","Araneae","Arachnida","Arthropoda","Metazoa"
"ncbi","Penenirmus auritus","Penenirmus auritus","Penenirmus","Philopteridae","Phthiraptera","Insecta","Arthropoda","Metazoa"
"ncbi","Pentatomidae",NA,NA,"Pentatomidae","Hemiptera","Insecta","Arthropoda","Metazoa"
"ncbi","Perapion curtirostre","Perapion curtirostre","Perapion","Apionidae","Coleoptera","Insecta","Arthropoda","Metazoa"
"ncbi","Perimede erransella","Perimede erransella","Perimede","Cosmopterigidae","Lepidoptera","Insecta","Arthropoda","Metazoa"
"ncbi","Peripsocus madidus","Peripsocus madidus","Peripsocus","Peripsocidae","Psocoptera","Insecta","Arthropoda","Metazoa"
"ncbi","Peripsocus subfasciatus","Peripsocus subfasciatus","Peripsocus","Peripsocidae","Psocoptera","Insecta","Arthropoda","Metazoa"
"ncbi","Peromyscus leucopus","Peromyscus leucopus","Peromyscus","Cricetidae","Rodentia","Mammalia","Chordata","Metazoa"
"ncbi","Phanaeus",NA,"Phanaeus","Scarabaeidae","Coleoptera","Insecta","Arthropoda","Metazoa"
"ncbi","Phaonia",NA,"Phaonia","Muscidae","Diptera","Insecta","Arthropoda","Metazoa"
"ncbi","Pheidole morrisii","Pheidole morrisii","Pheidole","Formicidae","Hymenoptera","Insecta","Arthropoda","Metazoa"
"ncbi","Phenopelopidae",NA,NA,"Phenopelopidae","Sarcoptiformes","Arachnida","Arthropoda","Metazoa"
"ncbi","Pherbellia",NA,"Pherbellia","Sciomyzidae","Diptera","Insecta","Arthropoda","Metazoa"
"ncbi","Phidippus audax","Phidippus audax","Phidippus","Salticidae","Araneae","Arachnida","Arthropoda","Metazoa"
"ncbi","Philopedon plagiatum","Philopedon plagiatum","Philopedon","Curculionidae","Coleoptera","Insecta","Arthropoda","Metazoa"
"ncbi","Philotarsidae",NA,NA,"Philotarsidae","Psocoptera","Insecta","Arthropoda","Metazoa"
"ncbi","Phormia regina","Phormia regina","Phormia","Calliphoridae","Diptera","Insecta","Arthropoda","Metazoa"
"ncbi","Phycitodes reliquella","Phycitodes reliquella","Phycitodes","Pyralidae","Lepidoptera","Insecta","Arthropoda","Metazoa"
"ncbi","Phyllobaenus",NA,"Phyllobaenus","Cleridae","Coleoptera","Insecta","Arthropoda","Metazoa"
"ncbi","Phymata fasciata fasciata","Phymata fasciata","Phymata","Phymatidae","Hemiptera","Insecta","Arthropoda","Metazoa"
"ncbi","Phytocoris",NA,"Phytocoris","Miridae","Hemiptera","Insecta","Arthropoda","Metazoa"
"ncbi","Phytoseiidae",NA,NA,"Phytoseiidae","Mesostigmata","Arachnida","Arthropoda","Metazoa"
"ncbi","Pilaria tenuipes","Pilaria tenuipes","Pilaria","Limoniidae","Diptera","Insecta","Arthropoda","Metazoa"
"ncbi","Pisaurina",NA,"Pisaurina","Pisauridae","Araneae","Arachnida","Arthropoda","Metazoa"
"ncbi","Pityophthorus lautus","Pityophthorus lautus","Pityophthorus","Curculionidae","Coleoptera","Insecta","Arthropoda","Metazoa"
"ncbi","Platygastridae",NA,NA,"Platygastridae","Hymenoptera","Insecta","Arthropoda","Metazoa"
"ncbi","Platynota idaeusalis","Platynota idaeusalis","Platynota","Tortricidae","Lepidoptera","Insecta","Arthropoda","Metazoa"
"ncbi","Plusiinae",NA,NA,"Noctuidae","Lepidoptera","Insecta","Arthropoda","Metazoa"
"ncbi","Polistes fuscatus","Polistes fuscatus","Polistes","Vespidae","Hymenoptera","Insecta","Arthropoda","Metazoa"
"ncbi","Pollenia",NA,"Pollenia","Polleniidae","Diptera","Insecta","Arthropoda","Metazoa"
"ncbi","Polymerus castilleja","Polymerus castilleja","Polymerus","Miridae","Hemiptera","Insecta","Arthropoda","Metazoa"
"ncbi","Polypedilum",NA,"Polypedilum","Chironomidae","Diptera","Insecta","Arthropoda","Metazoa"
"ncbi","Polyphaga",NA,NA,NA,"Coleoptera","Insecta","Arthropoda","Metazoa"
"ncbi","Ponca venosa","Ponca venosa","Ponca","Gryllidae","Orthoptera","Insecta","Arthropoda","Metazoa"
"ncbi","Popillia japonica","Popillia japonica","Popillia","Scarabaeidae","Coleoptera","Insecta","Arthropoda","Metazoa"
"ncbi","Potamia littoralis","Potamia littoralis","Potamia","Muscidae","Diptera","Insecta","Arthropoda","Metazoa"
"ncbi","Prochoerodes lineola","Prochoerodes lineola","Prochoerodes","Geometridae","Lepidoptera","Insecta","Arthropoda","Metazoa"
"ncbi","Procladius",NA,"Procladius","Chironomidae","Diptera","Insecta","Arthropoda","Metazoa"
"ncbi","Procladius denticulatus","Procladius denticulatus","Procladius","Chironomidae","Diptera","Insecta","Arthropoda","Metazoa"
"ncbi","Procloeon bifidum","Procloeon bifidum","Procloeon","Baetidae","Ephemeroptera","Insecta","Arthropoda","Metazoa"
"ncbi","Procyon lotor","Procyon lotor","Procyon","Procyonidae","Carnivora","Mammalia","Chordata","Metazoa"
"ncbi","Protoboarmia porcelaria","Protoboarmia porcelaria","Protoboarmia","Geometridae","Lepidoptera","Insecta","Arthropoda","Metazoa"
"ncbi","Protorthodes oviduca","Protorthodes oviduca","Protorthodes","Noctuidae","Lepidoptera","Insecta","Arthropoda","Metazoa"
"ncbi","Protostomia",NA,NA,NA,NA,NA,NA,"Metazoa"
"ncbi","Pseudocaeciliidae",NA,NA,"Pseudocaeciliidae","Psocoptera","Insecta","Arthropoda","Metazoa"
"ncbi","Pseudolimnophila",NA,"Pseudolimnophila","Limoniidae","Diptera","Insecta","Arthropoda","Metazoa"
"ncbi","Pseudolimnophila brunneinota","Pseudolimnophila brunneinota","Pseudolimnophila","Limoniidae","Diptera","Insecta","Arthropoda","Metazoa"
"ncbi","Pseudolimnophila luteipennis","Pseudolimnophila luteipennis","Pseudolimnophila","Limoniidae","Diptera","Insecta","Arthropoda","Metazoa"
"ncbi","Pseudotelphusa quercinigracella","Pseudotelphusa quercinigracella","Pseudotelphusa","Gelechiidae","Lepidoptera","Insecta","Arthropoda","Metazoa"
"ncbi","Psocetae",NA,NA,NA,"Psocoptera","Insecta","Arthropoda","Metazoa"
"ncbi","Psocidae",NA,NA,"Psocidae","Psocoptera","Insecta","Arthropoda","Metazoa"
"ncbi","Psocomorpha",NA,NA,NA,"Psocoptera","Insecta","Arthropoda","Metazoa"
"ncbi","Psocoptera",NA,NA,NA,"Psocoptera","Insecta","Arthropoda","Metazoa"
"ncbi","Psocus leidyi","Psocus leidyi","Psocus","Psocidae","Psocoptera","Insecta","Arthropoda","Metazoa"
"ncbi","Psychoda",NA,"Psychoda","Psychodidae","Diptera","Insecta","Arthropoda","Metazoa"
"ncbi","Psychoda alternata","Psychoda alternata","Psychoda","Psychodidae","Diptera","Insecta","Arthropoda","Metazoa"
"ncbi","Psychoda minuta","Psychoda minuta","Psychoda","Psychodidae","Diptera","Insecta","Arthropoda","Metazoa"
"ncbi","Psychoda phalaenoides","Psychoda phalaenoides","Psychoda","Psychodidae","Diptera","Insecta","Arthropoda","Metazoa"
"ncbi","Psyllobora vigintimaculata","Psyllobora vigintimaculata","Psyllobora","Coccinellidae","Coleoptera","Insecta","Arthropoda","Metazoa"
"ncbi","Pteromyini",NA,NA,"Sciuridae","Rodentia","Mammalia","Chordata","Metazoa"
"ncbi","Pterostichus",NA,"Pterostichus","Carabidae","Coleoptera","Insecta","Arthropoda","Metazoa"
"ncbi","Pterygota",NA,NA,NA,NA,"Insecta","Arthropoda","Metazoa"
"ncbi","Ptilodexia conjuncta","Ptilodexia conjuncta","Ptilodexia","Tachinidae","Diptera","Insecta","Arthropoda","Metazoa"
"ncbi","Ptinidae",NA,NA,"Ptinidae","Coleoptera","Insecta","Arthropoda","Metazoa"
"ncbi","Puliciphora",NA,"Puliciphora","Phoridae","Diptera","Insecta","Arthropoda","Metazoa"
"ncbi","Purpuricenus humeralis","Purpuricenus humeralis","Purpuricenus","Cerambycidae","Coleoptera","Insecta","Arthropoda","Metazoa"
"ncbi","Pyralinae",NA,NA,"Pyralidae","Lepidoptera","Insecta","Arthropoda","Metazoa"
"ncbi","Pyraustinae",NA,NA,"Crambidae","Lepidoptera","Insecta","Arthropoda","Metazoa"
"ncbi","Pyrrharctia isabella","Pyrrharctia isabella","Pyrrharctia","Erebidae","Lepidoptera","Insecta","Arthropoda","Metazoa"
"ncbi","Rattus norvegicus","Rattus norvegicus","Rattus","Muridae","Rodentia","Mammalia","Chordata","Metazoa"
"ncbi","Ravinia",NA,"Ravinia","Sarcophagidae","Diptera","Insecta","Arthropoda","Metazoa"
"ncbi","Ravinia stimulans","Ravinia stimulans","Ravinia","Sarcophagidae","Diptera","Insecta","Arthropoda","Metazoa"
"ncbi","Reticulitermes",NA,"Reticulitermes","Rhinotermitidae","Blattodea","Insecta","Arthropoda","Metazoa"
"ncbi","Rheocricotopus robacki","Rheocricotopus robacki","Rheocricotopus","Chironomidae","Diptera","Insecta","Arthropoda","Metazoa"
"ncbi","Rheocricotopus villiculus","Rheocricotopus villiculus","Rheocricotopus","Chironomidae","Diptera","Insecta","Arthropoda","Metazoa"
"ncbi","Rhingia",NA,"Rhingia","Syrphidae","Diptera","Insecta","Arthropoda","Metazoa"
"ncbi","Rhinotergum shaoguanense","Rhinotergum shaoguanense","Rhinotergum","Diptilomiopidae","Trombidiformes","Arachnida","Arthropoda","Metazoa"
"ncbi","Rhipidia domestica","Rhipidia domestica","Rhipidia","Limoniidae","Diptera","Insecta","Arthropoda","Metazoa"
"ncbi","Rhithrogena",NA,"Rhithrogena","Heptageniidae","Ephemeroptera","Insecta","Arthropoda","Metazoa"
"ncbi","Ripeacma umbellata","Ripeacma umbellata","Ripeacma","Oecophoridae","Lepidoptera","Insecta","Arthropoda","Metazoa"
"ncbi","Rodentia",NA,NA,NA,"Rodentia","Mammalia","Chordata","Metazoa"
"ncbi","Ruidocollaris convexipennis","Ruidocollaris convexipennis","Ruidocollaris","Tettigoniidae","Orthoptera","Insecta","Arthropoda","Metazoa"
"ncbi","Rusticoclytus",NA,"Rusticoclytus","Cerambycidae","Coleoptera","Insecta","Arthropoda","Metazoa"
"ncbi","Rutelinae",NA,NA,"Scarabaeidae","Coleoptera","Insecta","Arthropoda","Metazoa"
"ncbi","Saldinae",NA,NA,"Saldidae","Hemiptera","Insecta","Arthropoda","Metazoa"
"ncbi","Sarcophaga",NA,"Sarcophaga","Sarcophagidae","Diptera","Insecta","Arthropoda","Metazoa"
"ncbi","Sarcophaga australis","Sarcophaga australis","Sarcophaga","Sarcophagidae","Diptera","Insecta","Arthropoda","Metazoa"
"ncbi","Sarcophaginae",NA,NA,"Sarcophagidae","Diptera","Insecta","Arthropoda","Metazoa"
"ncbi","Sarginae",NA,NA,"Stratiomyidae","Diptera","Insecta","Arthropoda","Metazoa"
"ncbi","Sargus",NA,"Sargus","Stratiomyidae","Diptera","Insecta","Arthropoda","Metazoa"
"ncbi","Saturniinae",NA,NA,"Saturniidae","Lepidoptera","Insecta","Arthropoda","Metazoa"
"ncbi","Saturniini",NA,NA,"Saturniidae","Lepidoptera","Insecta","Arthropoda","Metazoa"
"ncbi","Scapheremaeus",NA,"Scapheremaeus","Cymbaeremaeidae","Sarcoptiformes","Arachnida","Arthropoda","Metazoa"
"ncbi","Scaphinotus",NA,"Scaphinotus","Carabidae","Coleoptera","Insecta","Arthropoda","Metazoa"
"ncbi","Scaptomyza pallida","Scaptomyza pallida","Scaptomyza","Drosophilidae","Diptera","Insecta","Arthropoda","Metazoa"
"ncbi","Scarabaeidae",NA,NA,"Scarabaeidae","Coleoptera","Insecta","Arthropoda","Metazoa"
"ncbi","Scatopsidae",NA,NA,"Scatopsidae","Diptera","Insecta","Arthropoda","Metazoa"
"ncbi","Schizaphis graminum","Schizaphis graminum","Schizaphis","Aphididae","Hemiptera","Insecta","Arthropoda","Metazoa"
"ncbi","Schizophora",NA,NA,NA,"Diptera","Insecta","Arthropoda","Metazoa"
"ncbi","Schoettella",NA,"Schoettella","Hypogastruridae","Poduromorpha","Collembola","Arthropoda","Metazoa"
"ncbi","Sciara humeralis","Sciara humeralis","Sciara","Sciaridae","Diptera","Insecta","Arthropoda","Metazoa"
"ncbi","Sciara kitakamiensis","Sciara kitakamiensis","Sciara","Sciaridae","Diptera","Insecta","Arthropoda","Metazoa"
"ncbi","Sciaridae",NA,NA,"Sciaridae","Diptera","Insecta","Arthropoda","Metazoa"
"ncbi","Sciophila thoracica","Sciophila thoracica","Sciophila","Mycetophilidae","Diptera","Insecta","Arthropoda","Metazoa"
"ncbi","Sciuridae",NA,NA,"Sciuridae","Rodentia","Mammalia","Chordata","Metazoa"
"ncbi","Sciurus carolinensis","Sciurus carolinensis","Sciurus","Sciuridae","Rodentia","Mammalia","Chordata","Metazoa"
"ncbi","Scolothrips takahashii","Scolothrips takahashii","Scolothrips","Thripidae","Thysanoptera","Insecta","Arthropoda","Metazoa"
"ncbi","Scolytinae",NA,NA,"Curculionidae","Coleoptera","Insecta","Arthropoda","Metazoa"
"ncbi","Scraptiidae",NA,NA,"Scraptiidae","Coleoptera","Insecta","Arthropoda","Metazoa"
"ncbi","Scudderia furcata furcata","Scudderia furcata","Scudderia","Tettigoniidae","Orthoptera","Insecta","Arthropoda","Metazoa"
"ncbi","Scymnus",NA,"Scymnus","Coccinellidae","Coleoptera","Insecta","Arthropoda","Metazoa"
"ncbi","Selatosomus cruciatus","Selatosomus cruciatus","Selatosomus","Elateridae","Coleoptera","Insecta","Arthropoda","Metazoa"
"ncbi","Sericoderus",NA,"Sericoderus","Corylophidae","Coleoptera","Insecta","Arthropoda","Metazoa"
"ncbi","Sericoderus lateralis","Sericoderus lateralis","Sericoderus","Corylophidae","Coleoptera","Insecta","Arthropoda","Metazoa"
"ncbi","Serratella",NA,"Serratella","Ephemerellidae","Ephemeroptera","Insecta","Arthropoda","Metazoa"
"ncbi","Simulium",NA,"Simulium","Simuliidae","Diptera","Insecta","Arthropoda","Metazoa"
"ncbi","Simulium reptans","Simulium reptans","Simulium","Simuliidae","Diptera","Insecta","Arthropoda","Metazoa"
"ncbi","Simulium verecundum","Simulium verecundum","Simulium","Simuliidae","Diptera","Insecta","Arthropoda","Metazoa"
"ncbi","Sinea diadema","Sinea diadema","Sinea","Reduviidae","Hemiptera","Insecta","Arthropoda","Metazoa"
"ncbi","Sinoe chambersi","Sinoe chambersi","Sinoe","Gelechiidae","Lepidoptera","Insecta","Arthropoda","Metazoa"
"ncbi","Sitona",NA,"Sitona","Curculionidae","Coleoptera","Insecta","Arthropoda","Metazoa"
"ncbi","Sitotroga cerealella","Sitotroga cerealella","Sitotroga","Gelechiidae","Lepidoptera","Insecta","Arthropoda","Metazoa"
"ncbi","Smittia",NA,"Smittia","Chironomidae","Diptera","Insecta","Arthropoda","Metazoa"
"ncbi","Smittia aterrima","Smittia aterrima","Smittia","Chironomidae","Diptera","Insecta","Arthropoda","Metazoa"
"ncbi","Spanagonicus albofasciatus","Spanagonicus albofasciatus","Spanagonicus","Miridae","Hemiptera","Insecta","Arthropoda","Metazoa"
"ncbi","Sphaerocera curvipes","Sphaerocera curvipes","Sphaerocera","Sphaeroceridae","Diptera","Insecta","Arthropoda","Metazoa"
"ncbi","Sphingidae",NA,NA,"Sphingidae","Lepidoptera","Insecta","Arthropoda","Metazoa"
"ncbi","Sphinx eremitus","Sphinx eremitus","Sphinx","Sphingidae","Lepidoptera","Insecta","Arthropoda","Metazoa"
"ncbi","Spilosoma congrua","Spilosoma congrua","Spilosoma","Erebidae","Lepidoptera","Insecta","Arthropoda","Metazoa"
"ncbi","Spilosoma virginica","Spilosoma virginica","Spilosoma","Erebidae","Lepidoptera","Insecta","Arthropoda","Metazoa"
"ncbi","Spilosomini",NA,NA,"Erebidae","Lepidoptera","Insecta","Arthropoda","Metazoa"
"ncbi","Spodoptera",NA,"Spodoptera","Noctuidae","Lepidoptera","Insecta","Arthropoda","Metazoa"
"ncbi","Spodoptera frugiperda","Spodoptera frugiperda","Spodoptera","Noctuidae","Lepidoptera","Insecta","Arthropoda","Metazoa"
"ncbi","Spodoptera ornithogalli","Spodoptera ornithogalli","Spodoptera","Noctuidae","Lepidoptera","Insecta","Arthropoda","Metazoa"
"ncbi","Stagmomantis carolina","Stagmomantis carolina","Stagmomantis","Mantidae","Mantodea","Insecta","Arthropoda","Metazoa"
"ncbi","Staphylinidae",NA,NA,"Staphylinidae","Coleoptera","Insecta","Arthropoda","Metazoa"
"ncbi","Staphylinini",NA,NA,"Staphylinidae","Coleoptera","Insecta","Arthropoda","Metazoa"
"ncbi","Stenomacrus",NA,"Stenomacrus","Ichneumonidae","Hymenoptera","Insecta","Arthropoda","Metazoa"
"ncbi","Stictocephala bisonia","Stictocephala bisonia","Stictocephala","Membracidae","Hemiptera","Insecta","Arthropoda","Metazoa"
"ncbi","Stigmella roborella","Stigmella roborella","Stigmella","Nepticulidae","Lepidoptera","Insecta","Arthropoda","Metazoa"
"ncbi","Stigmella saginella","Stigmella saginella","Stigmella","Nepticulidae","Lepidoptera","Insecta","Arthropoda","Metazoa"
"ncbi","Stilbus",NA,"Stilbus","Phalacridae","Coleoptera","Insecta","Arthropoda","Metazoa"
"ncbi","Stilbus testaceus","Stilbus testaceus","Stilbus","Phalacridae","Coleoptera","Insecta","Arthropoda","Metazoa"
"ncbi","Stomatosema obscurum","Stomatosema obscurum","Stomatosema","Cecidomyiidae","Diptera","Insecta","Arthropoda","Metazoa"
"ncbi","Stomoxys",NA,"Stomoxys","Muscidae","Diptera","Insecta","Arthropoda","Metazoa"
"ncbi","Strangalia bicolor","Strangalia bicolor","Strangalia","Cerambycidae","Coleoptera","Insecta","Arthropoda","Metazoa"
"ncbi","Strigamia",NA,"Strigamia","Linotaeniidae","Geophilomorpha","Chilopoda","Arthropoda","Metazoa"
"ncbi","Sus scrofa","Sus scrofa","Sus","Suidae","Artiodactyla","Mammalia","Chordata","Metazoa"
"ncbi","Sylvicola fenestralis","Sylvicola fenestralis","Sylvicola","Anisopodidae","Diptera","Insecta","Arthropoda","Metazoa"
"ncbi","Sylvilagus floridanus","Sylvilagus floridanus","Sylvilagus","Leporidae","Lagomorpha","Mammalia","Chordata","Metazoa"
"ncbi","Sympetrum",NA,"Sympetrum","Libellulidae","Odonata","Insecta","Arthropoda","Metazoa"
"ncbi","Synorthocladius semivirens","Synorthocladius semivirens","Synorthocladius","Chironomidae","Diptera","Insecta","Arthropoda","Metazoa"
"ncbi","Syrphidae",NA,NA,"Syrphidae","Diptera","Insecta","Arthropoda","Metazoa"
"ncbi","Syrphinae",NA,NA,"Syrphidae","Diptera","Insecta","Arthropoda","Metazoa"
"ncbi","Syrphini",NA,NA,"Syrphidae","Diptera","Insecta","Arthropoda","Metazoa"
"ncbi","Syrphus",NA,"Syrphus","Syrphidae","Diptera","Insecta","Arthropoda","Metazoa"
"ncbi","Systena marginalis","Systena marginalis","Systena","Chrysomelidae","Coleoptera","Insecta","Arthropoda","Metazoa"
"ncbi","Tabaninae",NA,NA,"Tabanidae","Diptera","Insecta","Arthropoda","Metazoa"
"ncbi","Tabanini",NA,NA,"Tabanidae","Diptera","Insecta","Arthropoda","Metazoa"
"ncbi","Tabanus",NA,"Tabanus","Tabanidae","Diptera","Insecta","Arthropoda","Metazoa"
"ncbi","Tabanus sparus milleri","Tabanus sparus","Tabanus","Tabanidae","Diptera","Insecta","Arthropoda","Metazoa"
"ncbi","Tachygonus lecontei","Tachygonus lecontei","Tachygonus","Curculionidae","Coleoptera","Insecta","Arthropoda","Metazoa"
"ncbi","Tachyporus jocosus","Tachyporus jocosus","Tachyporus","Staphylinidae","Coleoptera","Insecta","Arthropoda","Metazoa"
"ncbi","Tamias striatus","Tamias striatus","Tamias","Sciuridae","Rodentia","Mammalia","Chordata","Metazoa"
"ncbi","Tanypodinae",NA,NA,"Chironomidae","Diptera","Insecta","Arthropoda","Metazoa"
"ncbi","Tanypus punctipennis","Tanypus punctipennis","Tanypus","Chironomidae","Diptera","Insecta","Arthropoda","Metazoa"
"ncbi","Tanytarsus",NA,"Tanytarsus","Chironomidae","Diptera","Insecta","Arthropoda","Metazoa"
"ncbi","Tanytarsus guerlus","Tanytarsus guerlus","Tanytarsus","Chironomidae","Diptera","Insecta","Arthropoda","Metazoa"
"ncbi","Tarsonemidae",NA,NA,"Tarsonemidae","Trombidiformes","Arachnida","Arthropoda","Metazoa"
"ncbi","Taylorilygus apicalis","Taylorilygus apicalis","Taylorilygus","Miridae","Hemiptera","Insecta","Arthropoda","Metazoa"
"ncbi","Tectocepheus",NA,"Tectocepheus","Tectocepheidae","Sarcoptiformes","Arachnida","Arthropoda","Metazoa"
"ncbi","Telephanus atricapillus","Telephanus atricapillus","Telephanus","Silvanidae","Coleoptera","Insecta","Arthropoda","Metazoa"
"ncbi","Teliapsocus conterminus","Teliapsocus conterminus","Teliapsocus","Amphipsocidae","Psocoptera","Insecta","Arthropoda","Metazoa"
"ncbi","Tenebrionidae",NA,NA,"Tenebrionidae","Coleoptera","Insecta","Arthropoda","Metazoa"
"ncbi","Tenodera",NA,"Tenodera","Mantidae","Mantodea","Insecta","Arthropoda","Metazoa"
"ncbi","Tenthredinidae",NA,NA,"Tenthredinidae","Hymenoptera","Insecta","Arthropoda","Metazoa"
"ncbi","Tenthredinoidea",NA,NA,NA,"Hymenoptera","Insecta","Arthropoda","Metazoa"
"ncbi","Tetanolita mynesalis","Tetanolita mynesalis","Tetanolita","Erebidae","Lepidoptera","Insecta","Arthropoda","Metazoa"
"ncbi","Tetramorium tsushimae","Tetramorium tsushimae","Tetramorium","Formicidae","Hymenoptera","Insecta","Arthropoda","Metazoa"
"ncbi","Tetraneura nigriabdominalis","Tetraneura nigriabdominalis","Tetraneura","Pemphigidae","Hemiptera","Insecta","Arthropoda","Metazoa"
"ncbi","Tettigoniidae",NA,NA,"Tettigoniidae","Orthoptera","Insecta","Arthropoda","Metazoa"
"ncbi","Tettigoniidea",NA,NA,NA,"Orthoptera","Insecta","Arthropoda","Metazoa"
"ncbi","Tettigoniinae",NA,NA,"Tettigoniidae","Orthoptera","Insecta","Arthropoda","Metazoa"
"ncbi","Thaumatomyia",NA,"Thaumatomyia","Chloropidae","Diptera","Insecta","Arthropoda","Metazoa"
"ncbi","Thaumatomyia glabra","Thaumatomyia glabra","Thaumatomyia","Chloropidae","Diptera","Insecta","Arthropoda","Metazoa"
"ncbi","Thecturota",NA,"Thecturota","Staphylinidae","Coleoptera","Insecta","Arthropoda","Metazoa"
"ncbi","Thelaira",NA,"Thelaira","Tachinidae","Diptera","Insecta","Arthropoda","Metazoa"
"ncbi","Thienemanniella lobapodema","Thienemanniella lobapodema","Thienemanniella","Chironomidae","Diptera","Insecta","Arthropoda","Metazoa"
"ncbi","Tipula",NA,"Tipula","Tipulidae","Diptera","Insecta","Arthropoda","Metazoa"
"ncbi","Tipula flavolineata","Tipula flavolineata","Tipula","Tipulidae","Diptera","Insecta","Arthropoda","Metazoa"
"ncbi","Tipula triplex","Tipula triplex","Tipula","Tipulidae","Diptera","Insecta","Arthropoda","Metazoa"
"ncbi","Tipulidae",NA,NA,"Tipulidae","Diptera","Insecta","Arthropoda","Metazoa"
"ncbi","Tipulinae",NA,NA,"Tipulidae","Diptera","Insecta","Arthropoda","Metazoa"
"ncbi","Toramus pulchellus","Toramus pulchellus","Toramus","Erotylidae","Coleoptera","Insecta","Arthropoda","Metazoa"
"ncbi","Tortricidae",NA,NA,"Tortricidae","Lepidoptera","Insecta","Arthropoda","Metazoa"
"ncbi","Toxomerus geminatus","Toxomerus geminatus","Toxomerus","Syrphidae","Diptera","Insecta","Arthropoda","Metazoa"
"ncbi","Triarthria setipennis","Triarthria setipennis","Triarthria","Tachinidae","Diptera","Insecta","Arthropoda","Metazoa"
"ncbi","Trichadenotecnum",NA,"Trichadenotecnum","Psocidae","Psocoptera","Insecta","Arthropoda","Metazoa"
"ncbi","Trichocera brevicornis","Trichocera brevicornis","Trichocera","Trichoceridae","Diptera","Insecta","Arthropoda","Metazoa"
"ncbi","Trichordestra legitima","Trichordestra legitima","Trichordestra","Noctuidae","Lepidoptera","Insecta","Arthropoda","Metazoa"
"ncbi","Trichotichnus fulgens","Trichotichnus fulgens","Trichotichnus","Carabidae","Coleoptera","Insecta","Arthropoda","Metazoa"
"ncbi","Tricorynus dichrous","Tricorynus dichrous","Tricorynus","Ptinidae","Coleoptera","Insecta","Arthropoda","Metazoa"
"ncbi","Tropisternus lateralis","Tropisternus lateralis","Tropisternus","Hydrophilidae","Coleoptera","Insecta","Arthropoda","Metazoa"
"ncbi","Trypetinae",NA,NA,"Tephritidae","Diptera","Insecta","Arthropoda","Metazoa"
"ncbi","Typhaea stercorea","Typhaea stercorea","Typhaea","Mycetophagidae","Coleoptera","Insecta","Arthropoda","Metazoa"
"ncbi","Udea",NA,"Udea","Crambidae","Lepidoptera","Insecta","Arthropoda","Metazoa"
"ncbi","Valenzuela",NA,"Valenzuela","Caeciliusidae","Psocoptera","Insecta","Arthropoda","Metazoa"
"ncbi","Valenzuela flavidus","Valenzuela flavidus","Valenzuela","Caeciliusidae","Psocoptera","Insecta","Arthropoda","Metazoa"
"ncbi","Velarifictorus",NA,"Velarifictorus","Gryllidae","Orthoptera","Insecta","Arthropoda","Metazoa"
"ncbi","Velarifictorus micado","Velarifictorus micado","Velarifictorus","Gryllidae","Orthoptera","Insecta","Arthropoda","Metazoa"
"ncbi","Vespula flavopilosa","Vespula flavopilosa","Vespula","Vespidae","Hymenoptera","Insecta","Arthropoda","Metazoa"
"ncbi","Vespula maculifrons","Vespula maculifrons","Vespula","Vespidae","Hymenoptera","Insecta","Arthropoda","Metazoa"
"ncbi","Vespula squamosa","Vespula squamosa","Vespula","Vespidae","Hymenoptera","Insecta","Arthropoda","Metazoa"
"ncbi","Vulpes vulpes","Vulpes vulpes","Vulpes","Canidae","Carnivora","Mammalia","Chordata","Metazoa"
"ncbi","Winthemia rufopicta","Winthemia rufopicta","Winthemia","Tachinidae","Diptera","Insecta","Arthropoda","Metazoa"
"ncbi","Xanthocaecilius sommermanae","Xanthocaecilius sommermanae","Xanthocaecilius","Caeciliusidae","Psocoptera","Insecta","Arthropoda","Metazoa"
"ncbi","Xantholinus linearis","Xantholinus linearis","Xantholinus","Staphylinidae","Coleoptera","Insecta","Arthropoda","Metazoa"
"ncbi","Xestia",NA,"Xestia","Noctuidae","Lepidoptera","Insecta","Arthropoda","Metazoa"
"ncbi","Xyleborus",NA,"Xyleborus","Curculionidae","Coleoptera","Insecta","Arthropoda","Metazoa"
"ncbi","Xyleninae",NA,NA,"Noctuidae","Lepidoptera","Insecta","Arthropoda","Metazoa"
"ncbi","Xylosciara",NA,"Xylosciara","Sciaridae","Diptera","Insecta","Arthropoda","Metazoa"
"ncbi","Yunohamella lyrica","Yunohamella lyrica","Yunohamella","Theridiidae","Araneae","Arachnida","Arthropoda","Metazoa"
"ncbi","Zale lunata","Zale lunata","Zale","Erebidae","Lepidoptera","Insecta","Arthropoda","Metazoa"
"ncbi","Zanclognatha laevigata","Zanclognatha laevigata","Zanclognatha","Erebidae","Lepidoptera","Insecta","Arthropoda","Metazoa"
"ncbi","Zaphne implicata","Zaphne implicata","Zaphne","Anthomyiidae","Diptera","Insecta","Arthropoda","Metazoa"
"ncbi","Zelus luridus","Zelus luridus","Zelus","Reduviidae","Hemiptera","Insecta","Arthropoda","Metazoa"
"ncbi","Zeugomantispa minuta","Zeugomantispa minuta","Zeugomantispa","Mantispidae","Neuroptera","Insecta","Arthropoda","Metazoa"
"ncbi","Zygoneura sciarina","Zygoneura sciarina","Zygoneura","Sciaridae","Diptera","Insecta","Arthropoda","Metazoa"
"ncbi","Nanorchestidae",NA,NA,"Nanorchestidae","Sarcoptiformes","Arachnida","Arthropoda","Metazoa"
"ncbi","Blarina brevicauda","Blarina brevicauda","Blarina","Soricidae","Eulipotyphla","Mammalia","Chordata","Metazoa"
"ncbi","Alluaudomyia",NA,"Alluaudomyia","Ceratopogonidae","Diptera","Insecta","Arthropoda","Metazoa"
"ncbi","Diptera",NA,NA,NA,"Diptera","Insecta","Arthropoda","Metazoa"
"ncbi","Arachnida",NA,NA,NA,NA,"Arachnida","Arthropoda","Metazoa"
"ncbi","Araneae",NA,NA,NA,"Araneae","Arachnida","Arthropoda","Metazoa"
"ncbi","Araneomorphae",NA,NA,NA,"Araneae","Arachnida","Arthropoda","Metazoa"
"ncbi","Ascomycota",NA,NA,NA,NA,NA,"Ascomycota","Fungi"
"ncbi","Balaustium",NA,"Balaustium","Erythraeidae","Trombidiformes","Arachnida","Arthropoda","Metazoa"
"ncbi","Basidiomycota",NA,NA,NA,NA,NA,"Basidiomycota","Fungi"
"ncbi","Bilateria",NA,NA,NA,NA,NA,NA,"Metazoa"
"ncbi","Cepaea nemoralis","Cepaea nemoralis","Cepaea","Helicidae","Stylommatophora","Gastropoda","Mollusca","Metazoa"
"ncbi","Cladonia",NA,"Cladonia","Cladoniaceae","Lecanorales","Lecanoromycetes","Ascomycota","Fungi"
"ncbi","Corvidae",NA,NA,"Corvidae","Passeriformes","Aves","Chordata","Metazoa"
"ncbi","Cyclops",NA,"Cyclops","Cyclopidae","Cyclopoida","Hexanauplia","Arthropoda","Metazoa"
"ncbi","Deroceras",NA,"Deroceras","Agriolimacidae","Stylommatophora","Gastropoda","Mollusca","Metazoa"
"ncbi","Hemidactylium scutatum","Hemidactylium scutatum","Hemidactylium","Plethodontidae","Caudata","Amphibia","Chordata","Metazoa"
"ncbi","Ilyodrilus templetoni","Ilyodrilus templetoni","Ilyodrilus","Naididae","Tubificida","Clitellata","Annelida","Metazoa"
"ncbi","Liposcelis paeta","Liposcelis paeta","Liposcelis","Liposcelididae","Psocoptera","Insecta","Arthropoda","Metazoa"
"ncbi","Malawimonadida",NA,NA,NA,"Malawimonadida",NA,NA,NA
"ncbi","Mesostigmata",NA,NA,NA,"Mesostigmata","Arachnida","Arthropoda","Metazoa"
"ncbi","Oomycota",NA,NA,NA,NA,NA,"Oomycota",NA
"ncbi","Oribatula sakamorii","Oribatula sakamorii","Oribatula","Oribatulidae","Sarcoptiformes","Arachnida","Arthropoda","Metazoa"
"ncbi","Philomycidae",NA,NA,"Philomycidae","Stylommatophora","Gastropoda","Mollusca","Metazoa"
"ncbi","Philotarsus",NA,"Philotarsus","Philotarsidae","Psocoptera","Insecta","Arthropoda","Metazoa"
"ncbi","Phytoptus hedericola","Phytoptus hedericola","Phytoptus","Phytoptidae","Trombidiformes","Arachnida","Arthropoda","Metazoa"
"ncbi","Plethodon cinereus","Plethodon cinereus","Plethodon","Plethodontidae","Caudata","Amphibia","Chordata","Metazoa"
"ncbi","Rotifera",NA,NA,NA,NA,NA,"Rotifera","Metazoa"
"ncbi","Schistocerca lineata","Schistocerca lineata","Schistocerca","Acrididae","Orthoptera","Insecta","Arthropoda","Metazoa"
"ncbi","Tardigrada",NA,NA,NA,NA,NA,"Tardigrada","Metazoa"
"ncbi","Trombidiformes",NA,NA,NA,"Trombidiformes","Arachnida","Arthropoda","Metazoa"
"ncbi","Atherigona",NA,"Atherigona","Muscidae","Diptera","Insecta","Arthropoda","Metazoa"
"ncbi","Cerodontha",NA,"Cerodontha","Agromyzidae","Diptera","Insecta","Arthropoda","Metazoa"
"ncbi","Hydrelia",NA,"Hydrelia","Geometridae","Lepidoptera","Insecta","Arthropoda","Metazoa"
"ncbi","Lygephila dorsigera","Lygephila dorsigera","Lygephila","Erebidae","Lepidoptera","Insecta","Arthropoda","Metazoa"
"ncbi","Meromyza",NA,"Meromyza","Chloropidae","Diptera","Insecta","Arthropoda","Metazoa"
"ncbi","Paralimna",NA,"Paralimna","Ephydridae","Diptera","Insecta","Arthropoda","Metazoa"
"ncbi","Peckia",NA,"Peckia","Sarcophagidae","Diptera","Insecta","Arthropoda","Metazoa"
"ncbi","Phanaeus",NA,"Phanaeus","Scarabaeidae","Coleoptera","Insecta","Arthropoda","Metazoa"
"ncbi","Rusticoclytus",NA,"Rusticoclytus","Cerambycidae","Coleoptera","Insecta","Arthropoda","Metazoa"
"ncbi","Schoettella",NA,"Schoettella","Hypogastruridae","Poduromorpha","Collembola","Arthropoda","Metazoa"
"ncbi","Scolothrips takahashii","Scolothrips takahashii","Scolothrips","Thripidae","Thysanoptera","Insecta","Arthropoda","Metazoa"
"ncbi","Serratella",NA,"Serratella","Ephemerellidae","Ephemeroptera","Insecta","Arthropoda","Metazoa"
"ncbi","Sitona",NA,"Sitona","Curculionidae","Coleoptera","Insecta","Arthropoda","Metazoa"
"ncbi","Xylosciara",NA,"Xylosciara","Sciaridae","Diptera","Insecta","Arthropoda","Metazoa"
"ncbi","Heterocaecilius",NA,"Heterocaecilius","Pseudocaeciliidae","Psocoptera","Insecta","Arthropoda","Metazoa"
"ncbi","Stilbus",NA,"Stilbus","Phalacridae","Coleoptera","Insecta","Arthropoda","Metazoa"
"ncbi","Thecturota",NA,"Thecturota","Staphylinidae","Coleoptera","Insecta","Arthropoda","Metazoa"
"ncbi","Paralimna concors","Paralimna concors","Paralimna","Ephydridae","Diptera","Insecta","Arthropoda","Metazoa"
"ncbi","Lepidoptera",NA,NA,NA,"Lepidoptera","Insecta","Arthropoda","Metazoa"
"ncbi","Cerodontha fulvipes","Cerodontha fulvipes","Cerodontha","Agromyzidae","Diptera","Insecta","Arthropoda","Metazoa"
"ncbi","Serratella ignita","Serratella ignita","Serratella","Ephemerellidae","Ephemeroptera","Insecta","Arthropoda","Metazoa"
"ncbi","Sitona obsoletus","Sitona obsoletus","Sitona","Curculionidae","Coleoptera","Insecta","Arthropoda","Metazoa"
"ncbi","Sarcophagidae",NA,NA,"Sarcophagidae","Diptera","Insecta","Arthropoda","Metazoa"
"ncbi","Barypeithes araneiformis","Barypeithes araneiformis","Barypeithes","Curculionidae","Coleoptera","Insecta","Arthropoda","Metazoa"
"ncbi","Xylosciara inornata","Xylosciara inornata","Xylosciara","Sciaridae","Diptera","Insecta","Arthropoda","Metazoa"
"ncbi","Rusticoclytus rusticus","Rusticoclytus rusticus","Rusticoclytus","Cerambycidae","Coleoptera","Insecta","Arthropoda","Metazoa"
"ncbi","Oryctes rhinoceros","Oryctes rhinoceros","Oryctes","Scarabaeidae","Coleoptera","Insecta","Arthropoda","Metazoa"
"ncbi","Schoettella ununguiculata","Schoettella ununguiculata","Schoettella","Hypogastruridae","Poduromorpha","Collembola","Arthropoda","Metazoa"
"ncbi","Thecturota marchii","Thecturota marchii","Thecturota","Staphylinidae","Coleoptera","Insecta","Arthropoda","Metazoa"
